# twin_c1_newton.csv, from experiments/tag_closure/run_c1_twin.jl
# config: /dss/dsshome1/0D/di38kez/git/Clima/ClimaAtmosResiDyn.jl/experiments/tag_closure/configs/c1_sphere_shift.yml
# T_0 unshifted 273.16 K, shifted 163.16 K
# overrides in both halves: max_newton_iters_ode = 10, newton_rtol = 1.0e-10, t_end = 6hours, use_newton_rtol = true
# columns after time: max|shifted - unshifted| / max|unshifted|;
# energy_after_shift has the predicted shift removed, relative to it
time,rho,rho_q_tot,u_h,u_3,energy_after_shift
0.0,0.0,0.0,0.0,0.0,5.54474068044277e-16
400.0,3.5549637635955776e-5,7.380015856655542e-6,0.00012723471605170466,0.0004141208226669706,3.189504091493449e-5
3600.0,2.7523116772983217e-5,9.41522397860745e-6,0.0002986874371362754,0.031076212357628398,2.7054871117589344e-5
7200.0,2.809128949541902e-5,1.522675218023265e-5,0.0004749293259997201,0.019495241454419065,2.812282085757765e-5
10800.0,2.7684421486645547e-5,2.549001895925348e-5,0.00057230313776532,0.04090710768495187,2.885210759692839e-5
14400.0,2.6913559683483015e-5,3.97035868570559e-5,0.0006337214349528899,0.03917816834200375,3.0003370915893825e-5
18000.0,2.6423114749650087e-5,5.4388025135056466e-5,0.000655017240363224,0.03070165636836512,3.3756033354231466e-5
21600.0,2.7181891984361237e-5,6.997254886861566e-5,0.0007100509868522114,0.054114444371767906,3.8011879013325445e-5
