# operator_residual.csv, from analysis/reduce_run.jl
# run: a2_none_dt2p5
# generated: 1788995130 (unix)
# geometry: column
# region tags summed: upper, lower
# Column geometry: no horizontal remapping, so the maxima are over the model's own levels.
# operator residual = max |q_tag_res + sum of the region ledgers|, summed then reduced.
time,geometry,remapped,max_abs_operator_residual,max_abs_q_tag_res,max_abs_ledger_sum,max_abs_q_tag_fix_upper,max_abs_q_tag_fix_lower
0.0,column,false,1.4775953289308934e-18,1.4775953289308934e-18,0.0,0.0,0.0
60.0,column,false,1.0931568527564055e-7,1.0931568527564055e-7,0.0,0.0,0.0
120.0,column,false,1.094815582195736e-7,1.094815582195736e-7,0.0,0.0,0.0
180.0,column,false,1.0945382106828918e-7,1.0945382106828918e-7,0.0,0.0,0.0
240.0,column,false,1.0942475339277372e-7,1.0942475339277372e-7,0.0,0.0,0.0
300.0,column,false,1.093962227976927e-7,1.093962227976927e-7,0.0,0.0,0.0
360.0,column,false,1.0936846808319897e-7,1.0936846808319897e-7,0.0,0.0,0.0
420.0,column,false,1.0934030783894804e-7,1.0934030783894804e-7,0.0,0.0,0.0
480.0,column,false,1.0931231167842733e-7,1.0931231167842733e-7,0.0,0.0,0.0
540.0,column,false,1.0928441751338399e-7,1.0928441751338399e-7,0.0,0.0,0.0
600.0,column,false,1.0925668572445781e-7,1.0925668572445781e-7,0.0,0.0,0.0
660.0,column,false,1.0922909184914666e-7,1.0922909184914666e-7,0.0,0.0,0.0
720.0,column,false,1.0920162535648365e-7,1.0920162535648365e-7,0.0,0.0,0.0
780.0,column,false,1.0917427822303715e-7,1.0917427822303715e-7,0.0,0.0,0.0
840.0,column,false,1.091470590303232e-7,1.091470590303232e-7,0.0,0.0,0.0
900.0,column,false,1.0911995078174386e-7,1.0911995078174386e-7,0.0,0.0,0.0
960.0,column,false,1.0909294141374807e-7,1.0909294141374807e-7,0.0,0.0,0.0
1020.0,column,false,1.0906603363354166e-7,1.0906603363354166e-7,0.0,0.0,0.0
1080.0,column,false,1.0903921995466803e-7,1.0903921995466803e-7,0.0,0.0,0.0
1140.0,column,false,1.0901248848878816e-7,1.0901248848878816e-7,0.0,0.0,0.0
1200.0,column,false,1.0898583510110075e-7,1.0898583510110075e-7,0.0,0.0,0.0
1260.0,column,false,1.0895925578113142e-7,1.0895925578113142e-7,0.0,0.0,0.0
1320.0,column,false,1.0893274644412846e-7,1.0893274644412846e-7,0.0,0.0,0.0
1380.0,column,false,1.0890630387015915e-7,1.0890630387015915e-7,0.0,0.0,0.0
1440.0,column,false,1.0887992444350267e-7,1.0887992444350267e-7,0.0,0.0,0.0
1500.0,column,false,1.0885360537619805e-7,1.0885360537619805e-7,0.0,0.0,0.0
1560.0,column,false,1.0882734379546673e-7,1.0882734379546673e-7,0.0,0.0,0.0
1620.0,column,false,1.0880113737696478e-7,1.0880113737696478e-7,0.0,0.0,0.0
1680.0,column,false,1.0877498380464052e-7,1.0877498380464052e-7,0.0,0.0,0.0
1740.0,column,false,1.087488808772507e-7,1.087488808772507e-7,0.0,0.0,0.0
1800.0,column,false,1.0872282657757282e-7,1.0872282657757282e-7,0.0,0.0,0.0
1860.0,column,false,1.0869681959975321e-7,1.0869681959975321e-7,0.0,0.0,0.0
1920.0,column,false,1.0867086321217347e-7,1.0867086321217347e-7,0.0,0.0,0.0
1980.0,column,false,1.0864495680197554e-7,1.0864495680197554e-7,0.0,0.0,0.0
2040.0,column,false,1.0861909089753988e-7,1.0861909089753988e-7,0.0,0.0,0.0
2100.0,column,false,1.0859326684104436e-7,1.0859326684104436e-7,0.0,0.0,0.0
2160.0,column,false,1.0856748226596967e-7,1.0856748226596967e-7,0.0,0.0,0.0
2220.0,column,false,1.0854173426477368e-7,1.0854173426477368e-7,0.0,0.0,0.0
2280.0,column,false,1.085160217020492e-7,1.085160217020492e-7,0.0,0.0,0.0
2340.0,column,false,1.084903436307311e-7,1.084903436307311e-7,0.0,0.0,0.0
2400.0,column,false,1.0846469939152209e-7,1.0846469939152209e-7,0.0,0.0,0.0
2460.0,column,false,1.0843908798570199e-7,1.0843908798570199e-7,0.0,0.0,0.0
2520.0,column,false,1.0841350837866496e-7,1.0841350837866496e-7,0.0,0.0,0.0
2580.0,column,false,1.0838795961430335e-7,1.0838795961430335e-7,0.0,0.0,0.0
2640.0,column,false,1.0836244080178784e-7,1.0836244080178784e-7,0.0,0.0,0.0
2700.0,column,false,1.0833695515045026e-7,1.0833695515045026e-7,0.0,0.0,0.0
2760.0,column,false,1.0831150232006987e-7,1.0831150232006987e-7,0.0,0.0,0.0
2820.0,column,false,1.0828607688382993e-7,1.0828607688382993e-7,0.0,0.0,0.0
2880.0,column,false,1.0826067815992345e-7,1.0826067815992345e-7,0.0,0.0,0.0
2940.0,column,false,1.0823530545587677e-7,1.0823530545587677e-7,0.0,0.0,0.0
3000.0,column,false,1.0820991613627147e-7,1.0820991613627147e-7,0.0,0.0,0.0
3060.0,column,false,1.0818451527785451e-7,1.0818451527785451e-7,0.0,0.0,0.0
3120.0,column,false,1.081591408576662e-7,1.081591408576662e-7,0.0,0.0,0.0
3180.0,column,false,1.0813379278083135e-7,1.0813379278083135e-7,0.0,0.0,0.0
3240.0,column,false,1.0810849699315468e-7,1.0810849699315468e-7,0.0,0.0,0.0
3300.0,column,false,1.0808322373841278e-7,1.0808322373841278e-7,0.0,0.0,0.0
3360.0,column,false,1.0805797075827006e-7,1.0805797075827006e-7,0.0,0.0,0.0
3420.0,column,false,1.0803274147164848e-7,1.0803274147164848e-7,0.0,0.0,0.0
3480.0,column,false,1.080075770331533e-7,1.080075770331533e-7,0.0,0.0,0.0
3540.0,column,false,1.079824725956659e-7,1.079824725956659e-7,0.0,0.0,0.0
3600.0,column,false,1.0795737170667194e-7,1.0795737170667194e-7,0.0,0.0,0.0
