time,form_a_max,form_a_relative,initial_min_lower,initial_min_upper,form_a_max_unrepaired,initial_lower,initial_upper,energy_change,records,form_b
0.0,0.0,0.0,0.0,0.0,0.0,3.8231164254683936e8,2.5450518738212138e8,0.0,0.0,0.0
60.0,0.0,0.0,0.0,0.0,0.0,3.8231164119433016e8,2.5450518738212144e8,1562.9042575359344,1562.7644878413753,0.13976969455916333
120.0,0.0,0.0,0.0,0.0,0.0,3.8231164118784547e8,2.5450518738212144e8,3131.923572063446,3131.7831082864263,0.14046377701970414
180.0,0.0,0.0,2.7976019033079065e-56,0.0,0.0,3.823116411872137e8,2.5450518738212138e8,4698.903462171555,4698.762967329035,0.140494842519729
240.0,0.0,0.0,6.3035963014028225e-53,2.290501033580745e-44,0.0,3.8231164118707883e8,2.5450518738212138e8,6266.661138176918,6266.520636551546,0.14050162537205324
300.0,0.0,0.0,9.256045531369947e-51,5.497510562091174e-42,0.0,3.8231164118705016e8,2.5450518738212147e8,7836.076893091202,7835.936390142883,0.14050294831849897
360.0,0.0,0.0,4.393792460033316e-49,3.646664788348629e-40,0.0,3.823116411870425e8,2.5450518738212153e8,9406.939820051193,9406.799316882256,0.14050316893735726
420.0,0.0,0.0,1.0431304192171743e-47,1.1430126676054162e-38,0.0,3.823116411870385e8,2.5450518738212144e8,10978.91600728035,10978.775504123798,0.1405031565518584
480.0,0.0,0.0,1.5368061089873374e-46,2.1371207362165978e-37,0.0,3.823116411870359e8,2.5450518738212138e8,12551.841112613678,12551.700609348305,0.14050326537289948
540.0,0.0,0.0,1.5947732260170556e-45,2.7249285208889126e-36,0.0,3.82311641187034e8,2.5450518738212153e8,14125.645595669746,14125.505092228337,0.14050344140923698
600.0,0.0,0.0,1.2645856175028233e-44,2.582621481600145e-35,0.0,3.823116411870326e8,2.5450518738212156e8,15700.276803851128,15700.136300404802,0.14050344632596534
660.0,0.0,0.0,8.10393515539439e-44,1.931092168223597e-34,0.0,3.823116411870314e8,2.5450518738212147e8,17275.681388616562,17275.540885351602,0.14050326495998888
720.0,0.0,0.0,4.369581716325765e-43,1.18934313221616e-33,0.0,3.823116411870304e8,2.5450518738212153e8,18851.810278058052,18851.669774821712,0.1405032363400096
780.0,0.0,0.0,2.0425838199414262e-42,6.231572219088833e-33,0.0,3.8231164118702954e8,2.5450518738212144e8,20428.621824145317,20428.48132041022,0.14050373509599012
840.0,0.0,0.0,8.46919979052692e-42,2.847501876205739e-32,0.0,3.8231164118702877e8,2.5450518738212144e8,22006.08069908619,22005.940195584953,0.14050350123579847
900.0,0.0,0.0,3.1710805520039417e-41,1.1571970804699333e-31,0.0,3.8231164118702805e8,2.5450518738212144e8,23584.155873775482,23584.01537044677,0.1405033287119295
960.0,0.0,0.0,1.0875416422767141e-40,4.248518252281972e-31,0.0,3.8231164118702745e8,2.5450518738212153e8,25162.819814682007,25162.679311099553,0.14050358245367534
1020.0,0.0,0.0,3.4555917689647924e-40,1.4271973550835934e-30,0.0,3.823116411870269e8,2.5450518738212147e8,26742.048125743866,26741.907622257833,0.14050348603268503
1080.0,0.0,0.0,1.0268080066246535e-39,4.433019940145049e-30,0.0,3.823116411870264e8,2.5450518738212144e8,28321.81906056404,28321.6785571276,0.14050343643975793
1140.0,0.0,0.0,2.8753826299712538e-39,1.2843333777257038e-29,0.0,3.823116411870259e8,2.5450518738212147e8,29902.113094449043,29901.972591081696,0.14050336734726443
1200.0,0.0,0.0,7.637286523589143e-39,3.4963262556196147e-29,0.0,3.823116411870255e8,2.5450518738212144e8,31482.91257095337,31482.772067611306,0.14050334206331172
1260.0,0.0,0.0,1.9344967307549163e-38,8.999360401868326e-29,0.0,3.8231164118702507e8,2.5450518738212153e8,33064.20148694515,33064.06098353902,0.1405034061317565
1320.0,0.0,0.0,4.694390725739674e-38,2.2018874191107364e-28,0.0,3.8231164118702465e8,2.5450518738212144e8,34645.96528291702,34645.82477962411,0.14050329291058006
1380.0,0.0,0.0,1.0957018234499055e-37,5.144783492624802e-28,0.0,3.823116411870243e8,2.5450518738212138e8,36228.19052064419,36228.05001729058,0.14050335360661848
1440.0,0.0,0.0,2.468293740925097e-37,1.1525830993644e-27,0.0,3.82311641187024e8,2.5450518738212153e8,37810.86473488808,37810.72423173261,0.14050315546774073
1500.0,0.0,0.0,5.382576018255945e-37,2.484492626254207e-27,0.0,3.823116411870237e8,2.5450518738212144e8,39393.976329922676,39393.835826568735,0.14050335394131253
1560.0,0.0,0.0,1.1392242799222038e-36,5.169014672716748e-27,0.0,3.8231164118702346e8,2.5450518738212147e8,40977.5144867897,40977.37398343073,0.1405033589762752
1620.0,0.0,0.0,2.3456077758393257e-36,1.040810856648094e-26,0.0,3.823116411870231e8,2.5450518738212144e8,42561.46908724308,42561.32858410927,0.1405031338072149
1680.0,0.0,0.0,4.707766881874795e-36,2.0332337680620877e-26,0.0,3.823116411870228e8,2.5450518738212147e8,44145.830646276474,44145.69014303965,0.14050323682749877
1740.0,0.0,0.0,9.227251757660868e-36,3.8618693975027904e-26,0.0,3.823116411870225e8,2.5450518738212144e8,45730.59028029442,45730.449777245776,0.14050304864213103
1800.0,0.0,0.0,1.7689774978982718e-35,7.145711729641487e-26,0.0,3.823116411870223e8,2.5450518738212147e8,47315.739719986916,47315.59921645151,0.14050353540369542
1860.0,0.0,0.0,3.3219352823989763e-35,1.2902998240127706e-25,0.0,3.823116411870221e8,2.5450518738212144e8,48901.2711493969,48901.13064607126,0.1405033256378374
1920.0,0.0,0.0,6.118508663122937e-35,2.2773028863654335e-25,0.0,3.823116411870218e8,2.5450518738212144e8,50487.17713749409,50487.0366340521,0.14050344198767561
1980.0,0.0,0.0,1.1066213910561883e-34,3.9342347567999197e-25,0.0,3.823116411870216e8,2.5450518738212144e8,52073.45061504841,52073.31011170766,0.14050334075000137
2040.0,0.0,0.0,1.9675174741570792e-34,6.661582519887625e-25,0.0,3.823116411870213e8,2.5450518738212144e8,53660.08485138416,53659.9443478839,0.14050350026082015
2100.0,0.0,0.0,3.442160969189134e-34,1.1068571541777044e-24,0.0,3.823116411870212e8,2.5450518738212144e8,55247.0734153986,55246.932912083146,0.14050331545149675
2160.0,0.0,0.0,5.930973658877206e-34,1.8066662869722458e-24,0.0,3.82311641187021e8,2.5450518738212132e8,56834.41018140316,56834.26967792657,0.14050347659213003
2220.0,0.0,0.0,1.0072994887122553e-33,2.899826421368658e-24,0.0,3.823116411870208e8,2.5450518738212138e8,58422.089319229126,58421.9488161169,0.14050311222672462
2280.0,0.0,0.0,1.6875430525082522e-33,4.581144305733458e-24,0.0,3.823116411870206e8,2.5450518738212147e8,60010.10527431965,60009.964771071674,0.14050324797426583
2340.0,0.0,0.0,2.790706406629576e-33,7.129392513102125e-24,0.0,3.823116411870204e8,2.5450518738212144e8,61598.452743053436,61598.3122399688,0.14050308463629335
2400.0,0.0,0.0,4.5583974887303345e-33,1.0938255034332495e-23,0.0,3.8231164118702024e8,2.5450518738212147e8,63187.12665760517,63186.98615406178,0.14050354339269688
2460.0,0.0,0.0,7.358733370145135e-33,1.6556757087999422e-23,0.0,3.823116411870201e8,2.5450518738212153e8,64776.12217128277,64775.98166803414,0.14050324862910202
2520.0,0.0,0.0,1.174686428654635e-32,2.4741496130957293e-23,0.0,3.8231164118701994e8,2.5450518738212153e8,66365.43464457989,66365.29414107486,0.14050350502657238
2580.0,0.0,0.0,1.8551848287529831e-32,3.652339972202171e-23,0.0,3.8231164118701977e8,2.5450518738212147e8,67955.05961799622,67954.91911460835,0.14050338786910288
2640.0,0.0,0.0,2.900025530702435e-32,5.329216378610697e-23,0.0,3.8231164118701965e8,2.5450518738212144e8,69544.99280273914,69544.85229962728,0.14050311186292674
2700.0,0.0,0.0,4.4890559307686703e-32,7.690201631787787e-23,0.0,3.8231164118701947e8,2.5450518738212144e8,71135.23007011414,71135.08956650343,0.14050361070258077
2760.0,0.0,0.0,6.883721107725363e-32,1.0980296061188134e-22,0.0,3.8231164118701935e8,2.5450518738212144e8,72725.76743793488,72725.62693488828,0.14050304659758694
2820.0,0.0,0.0,1.0460959733052633e-31,1.552021904207394e-22,0.0,3.823116411870191e8,2.5450518738212144e8,74316.60106790066,74316.4605643674,0.14050353325728793
2880.0,0.0,0.0,1.5759927708908673e-31,2.172609295336023e-22,0.0,3.8231164118701893e8,2.5450518738212147e8,75907.72724914551,75907.58674576493,0.14050338057859335
2940.0,0.0,0.0,2.3545924440427868e-31,3.0133248610152723e-22,0.0,3.823116411870188e8,2.5450518738212153e8,77499.14239943027,77499.00189584043,0.14050358984968625
3000.0,0.0,0.0,3.4897291329431157e-31,4.142478469011877e-22,0.0,3.823116411870187e8,2.5450518738212138e8,79090.84305799007,79090.7025547424,0.14050324767595157
3060.0,0.0,0.0,5.132272677175559e-31,5.646560892849418e-22,0.0,3.823116411870186e8,2.5450518738212144e8,80682.82587051392,80682.6853674304,0.14050308351579588
3120.0,0.0,0.0,7.4918666909133975e-31,7.634269406979355e-22,0.0,3.823116411870185e8,2.5450518738212132e8,82275.08758091927,82274.94707756251,0.14050335675710812
3180.0,0.0,0.0,1.0857910278677076e-30,1.0241236449980247e-21,0.0,3.8231164118701845e8,2.5450518738212132e8,83867.6250257492,83867.48452276141,0.1405029877932975
3240.0,0.0,0.0,1.5627361836110648e-30,1.363554823861962e-21,0.0,3.823116411870183e8,2.5450518738212138e8,85460.43513226509,85460.29462912242,0.14050314266933128
3300.0,0.0,0.0,2.23413687599675e-30,1.8024145386263834e-21,0.0,3.823116411870181e8,2.545051873821213e8,87053.51490938663,87053.37440578343,0.14050360320834443
3360.0,0.0,0.0,3.173325839602527e-30,2.3660199056883875e-21,0.0,3.82311641187018e8,2.5450518738212138e8,88646.86144638062,88646.72094320336,0.14050317725923378
3420.0,0.0,0.0,4.4791068779442274e-30,3.085156390840246e-21,0.0,3.823116411870179e8,2.5450518738212138e8,90240.47191226482,90240.33140908336,0.14050318146473728
3480.0,0.0,0.0,6.2838593247372464e-30,3.997041125234565e-21,0.0,3.823116411870178e8,2.5450518738212132e8,91834.34354758263,91834.20304441953,0.14050316310022026
3540.0,0.0,0.0,8.763988000545339e-30,5.146414799850731e-21,0.0,3.8231164118701774e8,2.5450518738212132e8,93428.47366333008,93428.33316025924,0.14050307084107772
3600.0,0.0,0.0,1.2153332728938711e-29,6.586772866632475e-21,0.0,3.823116411870176e8,2.5450518738212132e8,95022.85963571072,95022.71913233845,0.14050337226944976
