time,total,tagged,residual,relative,gross_residual,gross_relative,scale,nonpositive_fraction
0.0,11.572872709327106,11.572872709327104,1.7763568394002505e-15,1.5349316319435567e-16,3.1251792600821884e-16,2.700435180249986e-17,11.572872709327106,0.0
10.0,11.572214284532025,11.572213143277413,1.1412546125910694e-6,9.862024540251773e-8,0.00029924577064835504,2.5858989756899095e-5,11.572214284532025,0.0
20.0,11.571378500154426,11.571376455999783,2.0441546428884294e-6,1.7665610392583297e-7,0.00031794408484755673,2.7476768203832726e-5,11.571378500154426,0.0
30.0,11.570587186841829,11.570585270935817,1.9159060116180626e-6,1.6558416445769038e-7,0.0003302253884255638,2.8540071743385587e-5,11.570587186841829,0.0
40.0,11.569802703846515,11.569800697732603,2.0061139114346815e-6,1.73392231724723e-7,0.00033194141987578154,2.8690326738711264e-5,11.569802703846515,0.0
50.0,11.569027693610115,11.569025591846291,2.101763824313707e-6,1.8167160456142461e-7,0.00033243155021879815,2.8734614439760484e-5,11.569027693610115,0.0
60.0,11.568262544651036,11.568260354391212,2.1902598241752003e-6,1.8933351622348322e-7,0.0003325282222917939,2.8744871670080586e-5,11.568262544651036,0.0
70.0,11.56749478081522,11.567492493342082,2.2874731389066483e-6,1.9775009042584054e-7,0.00033241031830825914,2.8736586841566095e-5,11.56749478081522,0.0
80.0,11.566745053460211,11.566742672955188,2.380505023324986e-6,2.0580595598178708e-7,0.0003323601412310839,2.8734111428491962e-5,11.566745053460211,0.0
90.0,11.565989425759144,11.565986950349817,2.4754093264078847e-6,2.140248650837245e-7,0.0003322816890466412,2.8729205674924922e-5,11.565989425759144,0.0
100.0,11.565257709534206,11.565255143325269,2.566208937793135e-6,2.218894729580989e-7,0.0003321927566117484,2.8723333708153707e-5,11.565257709534206,0.0
110.0,11.564520224339415,11.56451756374585,2.660593564129954e-6,2.3006519185554295e-7,0.00033212113648540756,2.8718972343219618e-5,11.564520224339415,0.0
120.0,11.563805185867725,11.563802434723328,2.7511443967398463e-6,2.379099571914317e-7,0.0003320323070198626,2.8713066476218706e-5,11.563805185867725,0.0
130.0,11.563098348162976,11.56309550784994,2.8403130354348605e-6,2.4563598353257107e-7,0.00033194428229634703,2.870720911485483e-5,11.563098348162976,0.0
140.0,11.562401026891772,11.562398097115663,2.929776108828719e-6,2.533882108062729e-7,0.0003318732448067859,2.8702796593451207e-5,11.562401026891772,0.0
150.0,11.561694178181927,11.561691156605319,3.0215766084751294e-6,2.6134375826832946e-7,0.00033178101457445553,2.8696574175137714e-5,11.561694178181927,0.0
160.0,11.561011487173104,11.56100837815541,3.109017693958549e-6,2.689226368651213e-7,0.00033169372952965124,2.869071879200744e-5,11.561011487173104,0.0
170.0,11.56033662397353,11.560333427600478,3.196373052460899e-6,2.764948077577899e-7,0.00033160237673987206,2.868449142321717e-5,11.56033662397353,0.0
180.0,11.559659694255481,11.55965640837393,3.2858815508518546e-6,2.8425417683227803e-7,0.0003315384793916143,2.868064356222967e-5,11.559659694255481,0.0
190.0,11.559000317316706,11.558996945314796,3.3720019096961096e-6,2.9172089429260285e-7,0.0003314544321895514,2.8675008486070783e-5,11.559000317316706,0.0
200.0,11.558348618932474,11.55834516235137,3.4565811031228577e-6,2.990549270560163e-7,0.0003313659968232196,2.8668974067839155e-5,11.558348618932474,0.0
210.0,11.557704440585146,11.55770089901641,3.541568736054046e-6,3.0642492670237744e-7,0.0003312740981857211,2.8662620669070275e-5,11.557704440585146,0.0
220.0,11.557061872219197,11.557058244272731,3.627946465911691e-6,3.139159853969917e-7,0.0003312050340293371,2.865823837332618e-5,11.557061872219197,0.0
230.0,11.5564325312083,11.556428819478732,3.7117295672572936e-6,3.2118299113794145e-7,0.0003311179752804719,2.8652265687207833e-5,11.5564325312083,0.0
240.0,11.555810572958325,11.555806778964577,3.793993748502089e-6,3.283191364680543e-7,0.0003310283786958583,2.8646054433472246e-5,11.555810572958325,0.0
250.0,11.555188357500061,11.55518447845096,3.879049101485066e-6,3.356976088552735e-7,0.00033095153575901485,2.8640946864722114e-5,11.555188357500061,0.0
260.0,11.554580809368055,11.554576848254678,3.961113376860226e-6,3.4281757531599e-7,0.000330861347771731,2.8634647438138133e-5,11.554580809368055,0.0
270.0,11.553980421569673,11.553976379799966,4.0417697064754066e-6,3.498162156247024e-7,0.0003307705557632551,2.8628277329062507e-5,11.553980421569673,0.0
280.0,11.553387044486648,11.553382921706346,4.122780302040496e-6,3.568460301871315e-7,0.0003306771965126162,2.8621666982966483e-5,11.553387044486648,0.0
290.0,11.552801377862892,11.552797174380562,4.2034823302117275e-6,3.6384961471477436e-7,0.0003305905173557553,2.8615615082695205e-5,11.552801377862892,0.0
300.0,11.552210690029119,11.552206403934719,4.2860944002853785e-6,3.7101941050856777e-7,0.0003304953864787587,2.8608843393413357e-5,11.552210690029119,0.0
310.0,11.551638018777261,11.551633653795125,4.364982135740547e-6,3.778669422159213e-7,0.00033040114358855497,2.860210327327482e-5,11.551638018777261,0.0
320.0,11.55107214523895,11.551067702134164,4.443104785423202e-6,3.846486914424246e-7,0.0003303082217023938,2.8595460018708157e-5,11.55107214523895,0.0
330.0,11.550512941390458,11.550508420025157,4.521365301712876e-6,3.914428151074468e-7,0.00033021364664584266,2.8588656479708798e-5,11.550512941390458,0.0
340.0,11.549960347952075,11.549955748953213,4.5989988617378685e-6,3.981830866244764e-7,0.0003301189346256359,2.8581824065237536e-5,11.549960347952075,0.0
350.0,11.549414296797861,11.549409620677206,4.676120655133786e-6,4.048794627126907e-7,0.000330023946571282,2.8574950910089265e-5,11.549414296797861,0.0
360.0,11.548875388083095,11.548870635054854,4.753028241211155e-6,4.1155766959921035e-7,0.00032992991774745406,2.8568142495320185e-5,11.548875388083095,0.0
370.0,11.548334788902588,11.54832995771913,4.831183458620103e-6,4.1834459659609496e-7,0.00032983274217423153,2.8561065140853506e-5,11.548334788902588,0.0
380.0,11.54780654570156,11.547801638522705,4.907178855262373e-6,4.249446711669215e-7,0.000329736380661049,2.8554027066186587e-5,11.54780654570156,0.0
390.0,11.547280773422816,11.547275790122889,4.983299927374674e-6,4.315561408053938e-7,0.0003296391463966182,2.8546906658346315e-5,11.547280773422816,0.0
400.0,11.546759613605447,11.546754554377326,5.059228120884995e-6,4.3815133337700654e-7,0.00032954135928025283,2.8539726322175885e-5,11.546759613605447,0.0
410.0,11.546245620466786,11.546240486054453,5.134412333518412e-6,4.446824103946994e-7,0.0003294433368469671,2.853250724746392e-5,11.546245620466786,0.0
420.0,11.545738040806853,11.545732831715133,5.209091719748926e-6,4.511700942233484e-7,0.00032934505057362616,2.8525248832911377e-5,11.545738040806853,0.0
430.0,11.545237018323746,11.545231735174564,5.283149182133684e-6,4.576042201427879e-7,0.00032924651147521017,2.8517951684547874e-5,11.545237018323746,0.0
440.0,11.544743144369312,11.54473778785638,5.356512930987378e-6,4.63978528062783e-7,0.0003291476750137247,2.8510610491517005e-5,11.544743144369312,0.0
450.0,11.544256896901594,11.544251467965655,5.4289359390224945e-6,4.70271580709503e-7,0.00032904985189384674,2.8503337619085874e-5,11.544256896901594,0.0
460.0,11.543779420909601,11.54377392090225,5.500007350889291e-6,4.764477170212521e-7,0.00032895353353746995,2.8496172834143586e-5,11.543779420909601,0.0
470.0,11.543307174514146,11.543301604003144,5.570511001806722e-6,4.825749603290084e-7,0.0003288556467481663,2.8488858675980586e-5,11.543307174514146,0.0
480.0,11.542840647994339,11.542835007205154,5.640789185079598e-6,4.886829297136429e-7,0.0003287564372802308,2.8481415217089983e-5,11.542840647994339,0.0
490.0,11.542379757144879,11.542374046258622,5.710886256338199e-6,4.947754602167797e-7,0.00032865699398810155,2.8473936995935238e-5,11.542379757144879,0.0
500.0,11.541924444213707,11.541918663747126,5.780466581839505e-6,5.008234640400385e-7,0.0003285572382961978,2.846641735390261e-5,11.541924444213707,0.0
510.0,11.541474624466609,11.541468774883477,5.849583132544467e-6,5.068315204838746e-7,0.00032845711208513657,2.845885147023111e-5,11.541474624466609,0.0
520.0,11.541030244124315,11.541024325891694,5.918232620416575e-6,5.127993337882138e-7,0.0003283566487520872,2.845124237667237e-5,11.541030244124315,0.0
530.0,11.540591249973481,11.540585263554537,5.986418944559091e-6,5.187272311176299e-7,0.0003282558703083007,2.8443592117436356e-5,11.540591249973481,0.0
540.0,11.540157589278381,11.540151535133255,6.0541451265549995e-6,5.246154638459814e-7,0.00032815475865946765,2.8435899260539258e-5,11.540157589278381,0.0
550.0,11.539729209834999,11.5397230884209,6.121414099169442e-6,5.304642758819962e-7,0.0003280532952182274,2.84281623297223e-5,11.539729209834999,0.0
560.0,11.53930605997495,11.539299871746163,6.1882287862857766e-6,5.362739105907041e-7,0.00032795148408739906,2.8420381813506646e-5,11.53930605997495,0.0
570.0,11.538888088541691,11.538881833949523,6.254592168630779e-6,5.420446164862015e-7,0.0003278493223528079,2.841255759108781e-5,11.538888088541691,0.0
580.0,11.538475244886966,11.538468924379796,6.320507170087808e-6,5.477766373757753e-7,0.0003277468089734445,2.8404689702712552e-5,11.538475244886966,0.0
590.0,11.538067478865802,11.538061092889105,6.385976696776652e-6,5.534702157422637e-7,0.00032764394257154124,2.839677815818675e-5,11.538067478865802,0.0
600.0,11.537664740831419,11.537658289827796,6.451003622842677e-6,5.59125591508374e-7,0.00032754072168870226,2.838882295908169e-5,11.537664740831419,0.0
610.0,11.537266981630273,11.53726046603948,6.5155907922331835e-6,5.647430021865107e-7,0.0003274371449464495,2.8380824112660088e-5,11.537266981630273,0.0
620.0,11.536874152597163,11.536867572856128,6.579741034684616e-6,5.703226842604845e-7,0.0003273332108916295,2.8372781618488986e-5,11.536874152597163,0.0
630.0,11.536486199596443,11.536479556139323,6.643457119537288e-6,5.758648694755673e-7,0.0003272289161952651,2.8364695326962893e-5,11.536486199596443,0.0
640.0,11.536103074164888,11.536096367423076,6.706741812578798e-6,5.813697892140503e-7,0.0003271242618719229,2.835656545098994e-5,11.536103074164888,0.0
650.0,11.53572472918569,11.535717959587826,6.769597863609533e-6,5.868376736211701e-7,0.0003270192464185463,2.834839198192541e-5,11.53572472918569,0.0
660.0,11.535351118009805,11.53534428598182,6.832027985126388e-6,5.922687497964187e-7,0.00032691386875216013,2.8340174946366313e-5,11.535351118009805,0.0
670.0,11.534982194451311,11.534975300416438,6.894034873639043e-6,5.976632436377137e-7,0.0003268081276703947,2.8331914359399678e-5,11.534982194451311,0.0
680.0,11.53461791278278,11.534610957161588,6.955621191906403e-6,6.03021378297942e-7,0.00032670202195553944,2.8323610233632878e-5,11.53461791278278,0.0
690.0,11.534258227730717,11.53425121094114,7.016789577818372e-6,6.083433749513752e-7,0.00032659555038200457,2.8315262579851213e-5,11.534258227730717,0.0
700.0,11.533903094471043,11.533896016928392,7.07754265150129e-6,6.136294534062819e-7,0.0003264900001961368,2.830698311941297e-5,11.533903094471043,0.0
710.0,11.533552468624604,11.53354533074159,7.137883013541568e-6,6.1887983194763e-7,0.0003263939174349361,2.8299512949097384e-5,11.533552468624604,0.0
720.0,11.533206296375495,11.5331990985623,7.197813195247704e-6,6.24094723555733e-7,0.00032629772661916823,2.8292022030483648e-5,11.533206296375495,0.0
730.0,11.53286444801088,11.53285719067534,7.257335539634369e-6,6.292743292310239e-7,0.0003262013948712669,2.828450783773221e-5,11.53286444801088,0.0
740.0,11.532526881233078,11.532519564780477,7.3164526011026965e-6,6.344188638318967e-7,0.00032610496721450745,2.8276974384961478e-5,11.532526881233078,0.0
750.0,11.532193554177121,11.532186179010175,7.375166946488321e-6,6.395285434501689e-7,0.0003260084299343819,2.8269420592259927e-5,11.532193554177121,0.0
760.0,11.531864425395755,11.531856991914692,7.4334810626908165e-6,6.44603577399039e-7,0.0003259117860130454,2.826184682637393e-5,11.531864425395755,0.0
770.0,11.531539453857766,11.53153196246036,7.491397406411693e-6,6.496441725224742e-7,0.0003258150341973867,2.8254253085730752e-5,11.531539453857766,0.0
780.0,11.531218598943378,11.531211050024957,7.548918420141604e-6,6.546505345786544e-7,0.0003257181739408273,2.824663942895622e-5,11.531218598943378,0.0
790.0,11.530901820440194,11.530894214393669,7.606046525054921e-6,6.596228676209958e-7,0.00032562120482749823,2.8239005924956145e-5,11.530901820440194,0.0
800.0,11.530589078539093,11.53058141575497,7.662784122786093e-6,6.645613741494077e-7,0.00032552412626173484,2.823135262599942e-5,11.530589078539093,0.0
810.0,11.53028033383027,11.530272614696642,7.719133627404062e-6,6.694662578806378e-7,0.0003254270311115162,2.8223687689249083e-5,11.53028033383027,0.0
820.0,11.529975547267044,11.529967772169197,7.775097847328993e-6,6.743377568716465e-7,0.0003253300819774965,2.8216025319724953e-5,11.529975547267044,0.0
830.0,11.529674677425096,11.529666846746085,7.830679010112362e-6,6.791760590994555e-7,0.00032523294470816034,2.820833664500186e-5,11.529674677425096,0.0
840.0,11.529377682754431,11.529369796875311,7.885879119484684e-6,6.839813332926313e-7,0.00032513572365659504,2.8200630823546615e-5,11.529377682754431,0.0
850.0,11.52908450990271,11.529076569202136,7.940700573527693e-6,6.887537832433412e-7,0.0003250383824659366,2.819290483877974e-5,11.52908450990271,0.0
860.0,11.528795120376506,11.528787125230888,7.995145617556432e-6,6.93493598773861e-7,0.0003249409354476274,2.818516003231876e-5,11.528795120376506,0.0
870.0,11.528509477373772,11.52850142815723,8.049216543071225e-6,6.982009737571782e-7,0.00032484338086784606,2.8177396349926608e-5,11.528509477373772,0.0
880.0,11.528227544459527,11.528219441543936,8.102915591834403e-6,7.028760978723628e-7,0.0003247457175155858,2.8169613781752492e-5,11.528227544459527,0.0
890.0,11.527949285562993,11.527941129317988,8.156245005608298e-6,7.075191609163962e-7,0.00032464794553592864,2.816181243462798e-5,11.527949285562993,0.0
900.0,11.527674664973913,11.527666455766916,8.209206997733531e-6,7.121303503365402e-7,0.00032455006410970604,2.8153992330806336e-5,11.527674664973913,0.0
910.0,11.527403647338891,11.527395385535128,8.261803763787157e-6,7.167098521525617e-7,0.00032445207288970515,2.8146153532552416e-5,11.527403647338891,0.0
920.0,11.527136197657862,11.527127883620368,8.314037494017157e-6,7.212578520332259e-7,0.00032435397135644,2.8138296086268483e-5,11.527136197657862,0.0
930.0,11.526872281280511,11.526863915370164,8.365910346697092e-6,7.257745329826565e-7,0.0003242557590499856,2.8130420042614047e-5,11.526872281280511,0.0
940.0,11.526611863902792,11.526603446478319,8.417424472995094e-6,7.302600774955773e-7,0.00032415743550306324,2.81225254507101e-5,11.526611863902792,0.0
950.0,11.526354911563454,11.526346442981442,8.468582011644799e-6,7.347146670929732e-7,0.00032405900025534096,2.8114612359388564e-5,11.526354911563454,0.0
960.0,11.526101390640598,11.526092871255521,8.519385076510844e-6,7.39138481241258e-7,0.0003239604528533206,2.8106680817191345e-5,11.526101390640598,0.0
970.0,11.525851267848278,11.525842698012507,8.569835770799727e-6,7.435316985831278e-7,0.00032386179284444753,2.8098730871868016e-5,11.525851267848278,0.0
980.0,11.52560451023314,11.525595890296952,8.619936188836164e-6,7.478944970897495e-7,0.0003237630197852378,2.8090762571089533e-5,11.52560451023314,0.0
990.0,11.52536108517107,11.52535241548268,8.669688391194086e-6,7.522270519011164e-7,0.0003236641332313535,2.8082775961595773e-5,11.52536108517107,0.0
1000.0,11.525120960363958,11.525112241269529,8.719094429565644e-6,7.565295374817739e-7,0.0003235652198181295,2.8074778644918574e-5,11.525120960363958,0.0
1010.0,11.524884103815387,11.524875335658681,8.768156705585284e-6,7.608021587551175e-7,0.00032346649733060883,2.806678960212044e-5,11.524884103815387,0.0
1020.0,11.524650483790088,11.524641666912867,8.816877221207164e-6,7.650450860621307e-7,0.00032336756832760055,2.8058774431591725e-5,11.524650483790088,0.0
1030.0,11.524420068931892,11.524411203674141,8.865257751011768e-6,7.692584700996081e-7,0.00032326855563858775,2.805074387301026e-5,11.524420068931892,0.0
1040.0,11.524192828193558,11.524183914893179,8.913300378665667e-6,7.734424884716934e-7,0.00032316942581118844,2.8042695104907055e-5,11.524192828193558,0.0
1050.0,11.523968729079868,11.523959768072613,8.961007255336995e-6,7.775973248456122e-7,0.00032307018260109934,2.803462853781059e-5,11.523968729079868,0.0
1060.0,11.523747701341849,11.52373869295715,9.008384699527028e-6,7.817235271888218e-7,0.00032297079387622746,2.8026541559793093e-5,11.523747701341849,0.0
1070.0,11.523529695816428,11.523520640381811,9.055434617266656e-6,7.858212593103479e-7,0.0003228712752958203,2.80184356545753e-5,11.523529695816428,0.0
1080.0,11.523314660431375,11.523305558272558,9.10215881688714e-6,7.898906768676576e-7,0.0003227716230463492,2.8010310623095165e-5,11.523314660431375,0.0
1090.0,11.523102567164754,11.523093418605526,9.14855922751201e-6,7.939319444730936e-7,0.00032267935609450423,2.80028190510066e-5,11.523102567164754,0.0
1100.0,11.522893388281597,11.52288419364386,9.194637737408584e-6,7.979452232682486e-7,0.0003225873388487605,2.7995341792958115e-5,11.522893388281597,0.0
1110.0,11.522687096314405,11.522677855918186,9.240396218856972e-6,8.019306730816776e-7,0.0003224952107184797,2.7987847628148434e-5,11.522687096314405,0.0
1120.0,11.522483664063218,11.522474378226669,9.285836549466353e-6,8.058884542772138e-7,0.0003224029708177732,2.7980336550469273e-5,11.522483664063218,0.0
1130.0,11.522283064593601,11.522273733633028,9.330960573095126e-6,8.098187243609637e-7,0.00032231061855204793,2.797280857840269e-5,11.522283064593601,0.0
1140.0,11.522085271234065,11.522075895463923,9.375770142483475e-6,8.137216416798215e-7,0.0003222181533258572,2.7965263729674364e-5,11.522085271234065,0.0
1150.0,11.521890257573455,11.52188083730637,9.420267085502587e-6,8.17597362490981e-7,0.0003221255744979167,2.7957702017356078e-5,11.521890257573455,0.0
1160.0,11.52169798050611,11.521688516052919,9.4644531909438e-6,8.21446040935718e-7,0.0003220328659772027,2.7950122154048763e-5,11.52169798050611,0.0
1170.0,11.52150841369106,11.521498905360787,9.508330274243804e-6,8.25267832373842e-7,0.0003219400466941124,2.7942525851176704e-5,11.52150841369106,0.0
1180.0,11.521321531514817,11.521311979614666,9.551900150839288e-6,8.290628921961359e-7,0.00032184711121731243,2.7934912703976603e-5,11.521321531514817,0.0
1190.0,11.521137308614287,11.521127713449687,9.595164600639805e-6,8.328313727730297e-7,0.0003217540604079975,2.7927282853180116e-5,11.521137308614287,0.0
1200.0,11.520955719874596,11.520946081749177,9.63812541954212e-6,8.365734279245221e-7,0.0003216608935839297,2.791963630491507e-5,11.520955719874596,0.0
1210.0,11.520776740426557,11.520767059642186,9.680784371468576e-6,8.402892087560881e-7,0.00032156761028709834,2.7911973084133586e-5,11.520776740426557,0.0
1220.0,11.520600345644278,11.520590622501057,9.723143220341512e-6,8.439788664327419e-7,0.0003214742101152643,2.790429321999766e-5,11.520600345644278,0.0
1230.0,11.52042651114274,11.520416745939022,9.765203717648774e-6,8.476425510985825e-7,0.0003213806925942434,2.789659673479961e-5,11.52042651114274,0.0
1240.0,11.520255212775437,11.520245405807835,9.806967602443706e-6,8.512804118756177e-7,0.00032129330625565403,2.788942608661607e-5,11.520255212775437,0.0
1250.0,11.520086420825224,11.520076572388604,9.848436620885082e-6,8.548925989896874e-7,0.0003212133232140055,2.7882891801344304e-5,11.520086420825224,0.0
1260.0,11.51992010176301,11.519910212150508,9.889612501368106e-6,8.584792614885062e-7,0.00032113332976363277,2.7876350437056112e-5,11.51992010176301,0.0
1270.0,11.519756217079493,11.51974628658256,9.930496933208133e-6,8.620405454834988e-7,0.0003210533191169916,2.78698015016142e-5,11.519756217079493,0.0
1280.0,11.519594739667939,11.519584768576326,9.971091612825944e-6,8.655765969344654e-7,0.0003209733011758101,2.7863245923967494e-5,11.519594739667939,0.0
1290.0,11.519435610060444,11.519425598662277,1.0011398167364405e-5,8.690875583019881e-7,0.00032089323451521795,2.7856680255668722e-5,11.519435610060444,0.0
1300.0,11.519278802836872,11.51926875141858,1.0051418293244296e-5,8.725735755930238e-7,0.00032081316121319875,2.785010821460381e-5,11.519278802836872,0.0
1310.0,11.519124296231656,11.519114205077983,1.0091153672675546e-5,8.76034793371988e-7,0.00032073307123356166,2.7843528985834944e-5,11.519124296231656,0.0
1320.0,11.51897206868901,11.51896193808303,1.0130605978986296e-5,8.794713554800097e-7,0.00032065296393629265,2.7836942569545322e-5,11.51897206868901,0.0
1330.0,11.518822098861909,11.518811929085032,1.0169776876622905e-5,8.828834050338972e-7,0.00032057283667884885,2.783034879152464e-5,11.518822098861909,0.0
1340.0,11.518674365609924,11.51866415694191,1.020866801404452e-5,8.86271083808346e-7,0.0003204926869890882,2.7823747491807652e-5,11.518674365609924,0.0
1350.0,11.518528767708567,11.51851852041759,1.0247290976650447e-5,8.896354025158186e-7,0.00032041241837952233,2.7817130541686657e-5,11.518528767708567,0.0
1360.0,11.518385263834714,11.518374978184614,1.0285650100527732e-5,8.92976738052207e-7,0.0003203320989183375,2.781050395354567e-5,11.518385263834714,0.0
1370.0,11.518243835074607,11.518233511327828,1.0323746778340137e-5,8.962952101172694e-7,0.00032025173890411456,2.7803868670404842e-5,11.518243835074607,0.0
1380.0,11.518104462685988,11.518094101103433,1.0361582555518112e-5,8.995909517130583e-7,0.00032017133507335985,2.779722445742577e-5,11.518104462685988,0.0
1390.0,11.517967128106983,11.517956728948032,1.0399158950846754e-5,9.028640935664739e-7,0.000320090942228496,2.7790576120623467e-5,11.517967128106983,0.0
1400.0,11.517831812956162,11.517821376478295,1.0436477866804239e-5,9.061147997546264e-7,0.000320010799248165,2.7783944447616584e-5,11.517831812956162,0.0
1410.0,11.517698499024341,11.517688025482776,1.0473541564692823e-5,9.093432655473688e-7,0.0003199310318450053,2.777734040113192e-5,11.517698499024341,0.0
1420.0,11.517567168272855,11.51755665792044,1.051035241417253e-5,9.125496956618692e-7,0.0003198516352661077,2.7770763616399368e-5,11.517567168272855,0.0
1430.0,11.517437802831841,11.517427255919099,1.054691274227082e-5,9.157342911526386e-7,0.0003197726048293181,2.776421373429898e-5,11.517437802831841,0.0
1440.0,11.517310385151083,11.517299801926209,1.0583224874238795e-5,9.188972529457419e-7,0.00031969393610872734,2.7757690417104586e-5,11.517310385151083,0.0
1450.0,11.517184898861547,11.51717427957044,1.0619291106905848e-5,9.220387794551727e-7,0.000319615625955924,2.7751193435083034e-5,11.517184898861547,0.0
1460.0,11.517061326628733,11.517050671515012,1.0655113721114162e-5,9.25159067832551e-7,0.0003195376677386929,2.7744722258262713e-5,11.517061326628733,0.0
1470.0,11.5169396512803,11.516928960585323,1.0690694976389636e-5,9.282583134141185e-7,0.00031946005742085386,2.773827658160391e-5,11.5169396512803,0.0
1480.0,11.516819855805405,11.516809129768298,1.0726037107389175e-5,9.313367094113561e-7,0.000319382790366055,2.7731856047488693e-5,11.516819855805405,0.0
1490.0,11.516701923353036,11.516691162210709,1.0761142327453399e-5,9.343944472186479e-7,0.00031930586208349,2.7725460310474507e-5,11.516701923353036,0.0
1500.0,11.516585829255503,11.516575033242649,1.0796012853475645e-5,9.374317192210394e-7,0.0003192292574941506,2.7719088124469558e-5,11.516585829255503,0.0
1510.0,11.516471519001662,11.516460688350737,1.0830650925441887e-5,9.40448722299343e-7,0.0003191529393815239,2.7712736392821e-5,11.516471519001662,0.0
1520.0,11.516358966606884,11.516348101548106,1.0865058778009029e-5,9.434456506187085e-7,0.0003190769421635253,2.7706408170214962e-5,11.516358966606884,0.0
1530.0,11.516248156877742,11.51623725763919,1.0899238551687063e-5,9.464226893354857e-7,0.0003190012645713063,2.7700103386604442e-5,11.516248156877742,0.0
1540.0,11.51613907476104,11.516128141568668,1.0933192372775125e-5,9.493800224014738e-7,0.00031892590214269156,2.7693821694256437e-5,11.51613907476104,0.0
1550.0,11.516031707489297,11.516020740566962,1.0966922335597928e-5,9.523178308432181e-7,0.00031885085458694193,2.7687563102104134e-5,11.516031707489297,0.0
1560.0,11.515926040997876,11.51591504056735,1.1000430525598404e-5,9.552362950609222e-7,0.0003187761142824006,2.7681326985561127e-5,11.515926040997876,0.0
1570.0,11.515822060700811,11.515811026981803,1.1033719008679554e-5,9.581355938394971e-7,0.00031870167671449765,2.7675112991030586e-5,11.515822060700811,0.0
1580.0,11.515719752144147,11.515708685354316,1.106678983120446e-5,9.610159042941194e-7,0.00031862753782284543,2.7668920803974864e-5,11.515719752144147,0.0
1590.0,11.51561910100526,11.515608001360235,1.1099645025325344e-5,9.638774023323156e-7,0.00031855369349939074,2.7662750105340187e-5,11.51561910100526,0.0
1600.0,11.515520093091597,11.515508960804993,1.1132286603654507e-5,9.667202621905892e-7,0.00031848013970456606,2.7656600581647112e-5,11.515520093091597,0.0
1610.0,11.515422714339495,11.515411549622929,1.1164716566369748e-5,9.695446570508407e-7,0.0003184068724144502,2.765047192040605e-5,11.515422714339495,0.0
1620.0,11.515326950812984,11.5153157538761,1.1196936883450803e-5,9.723507574971893e-7,0.00031833388765063276,2.76443638127147e-5,11.515326950812984,0.0
1630.0,11.515232788702647,11.515221559753126,1.1228949521324694e-5,9.751387338292613e-7,0.0003182611814605156,2.7638275951551315e-5,11.515232788702647,0.0
1640.0,11.515140214324449,11.51512895356802,1.1260756428654872e-5,9.779087548275677e-7,0.0003181887499294905,2.7632208032836138e-5,11.515140214324449,0.0
1650.0,11.515049214118582,11.515037921759056,1.1292359525683082e-5,9.806609868273546e-7,0.0003181165891690305,2.762615975440108e-5,11.515049214118582,0.0
1660.0,11.514959774648352,11.51494845088762,1.1323760732651067e-5,9.833955961862557e-7,0.0003180446953323888,2.7620130817356794e-5,11.514959774648352,0.0
1670.0,11.514871882599031,11.51486052763709,1.135496194137886e-5,9.861127468155488e-7,0.00031797306460681744,2.7614120925420793e-5,11.514871882599031,0.0
1680.0,11.514785524776759,11.514774138811731,1.1385965027699285e-5,9.888126012594602e-7,0.0003179016932077348,2.7608129784414553e-5,11.514785524776759,0.0
1690.0,11.514700688107435,11.514689271335573,1.1416771862116093e-5,9.914953216202585e-7,0.00031783057738335235,2.7602157102669006e-5,11.514700688107435,0.0
1700.0,11.514617359635611,11.514605912251325,1.1447384286711326e-5,9.941610675522774e-7,0.0003177597134167312,2.7596202591206812e-5,11.514617359635611,0.0
1710.0,11.514535526523419,11.514524048719284,1.1477804134685243e-5,9.968099979583575e-7,0.0003176890976216352,2.7590265963385757e-5,11.514535526523419,0.0
1720.0,11.514455176049493,11.514443668016275,1.150803321792182e-5,9.99442269909476e-7,0.0003176187263463607,2.758434693523492e-5,11.514455176049493,0.0
1730.0,11.514376295607912,11.514364757534569,1.1538073342975963e-5,1.0020580400327102e-6,0.00031754859596687157,2.7578445224861945e-5,11.514376295607912,0.0
1740.0,11.514298870935482,11.514287303009198,1.1567926284428154e-5,1.0046574623512717e-6,0.00031747870082821,2.757256037791352e-5,11.514298870935482,0.0
1750.0,11.514222888836684,11.514211291242873,1.1597593811529805e-5,1.0072406903616527e-6,0.0003174090389983599,2.756669226076e-5,11.514222888836684,0.0
1760.0,11.514148337121659,11.514136710043978,1.162707768109783e-5,1.009807876420359e-6,0.00031733960761142117,2.7560840656213976e-5,11.514148337121659,0.0
1770.0,11.514075203711107,11.514063547331476,1.165637963040922e-5,1.0123591712039753e-6,0.00031727040303412515,2.755500528013449e-5,11.514075203711107,0.0
1780.0,11.514003476634915,11.513991791133531,1.1685501384306463e-5,1.0148947243258666e-6,0.0003172014218762792,2.754918586918688e-5,11.514003476634915,0.0
1790.0,11.513933144030885,11.51392142958623,1.1714444655197553e-5,1.0174146843357883e-6,0.0003171326607201014,2.7543382157339604e-5,11.513933144030885,0.0
1800.0,11.513864166516502,11.513852423305194,1.1743211308257173e-5,1.0199192155147736e-6,0.000317064084872089,2.753759122798616e-5,11.513864166516502,0.0
1810.0,11.513796498928576,11.513784727125314,1.1771803261950708e-5,1.0224084873348371e-6,0.0003169957481776949,2.753181786799803e-5,11.513796498928576,0.0
1820.0,11.513730130506255,11.513718330284105,1.1800222150526452e-5,1.0248826415742644e-6,0.0003169276311641528,2.752606041411686e-5,11.513730130506255,0.0
1830.0,11.51366505060634,11.5136532221367,1.1828469640207118e-5,1.0273418228007422e-6,0.0003168597188744559,2.7520317594940737e-5,11.51366505060634,0.0
1840.0,11.513601191891473,11.51358933533561,1.1856555863332119e-5,1.0297869159896014e-6,0.0003167919382860813,2.7514583231281627e-5,11.513601191891473,0.0
1850.0,11.51353853269642,11.513526648212238,1.1884484182544952e-5,1.0322182141307046e-6,0.00031672434311237895,2.7508862042102663e-5,11.51353853269642,0.0
1860.0,11.513477060046528,11.513465147790479,1.1912256049129155e-5,1.0346358434557055e-6,0.0003166569304986315,2.750315381245497e-5,11.513477060046528,0.0
1870.0,11.513416763216938,11.513404823343983,1.1939872955224473e-5,1.0370399335642896e-6,0.00031658970016349444,2.7497458545488873e-5,11.513416763216938,0.0
1880.0,11.513357619667026,11.51334565233062,1.1967336405405149e-5,1.0394306162229027e-6,0.0003165226340445878,2.7491774728156307e-5,11.513357619667026,0.0
1890.0,11.513299596958126,11.51328760231023,1.1994647895363642e-5,1.0418080233517672e-6,0.00031645572001195933,2.7486101386223687e-5,11.513299596958126,0.0
1900.0,11.513242686388665,11.513230664579766,1.2021808899476127e-5,1.0441722829041644e-6,0.0003163890210144323,2.7480444009790382e-5,11.513242686388665,0.0
1910.0,11.513186879078068,11.513174830257267,1.2048820801524585e-5,1.0465235149982563e-6,0.0003163234295493178,2.74748801414963e-5,11.513186879078068,0.0
1920.0,11.513132166412813,11.513120090728044,1.2075684768575456e-5,1.048861820921658e-6,0.0003162578764675088,2.7469316941407646e-5,11.513132166412813,0.0
1930.0,11.513078539892422,11.513066437489584,1.2102402838110038e-5,1.0511873775702673e-6,0.0003161925089553701,2.7463767215673368e-5,11.513078539892422,0.0
1940.0,11.513025977351187,11.51301384837494,1.2128976248249046e-5,1.0535002936768819e-6,0.0003161272748332744,2.7458226486691737e-5,11.513025977351187,0.0
1950.0,11.512974406072004,11.512962250665836,1.2155406167835281e-5,1.055800676619628e-6,0.0003160621229335824,2.7452690485170326e-5,11.512974406072004,0.0
1960.0,11.512923818542728,11.51291163684872,1.2181694007296073e-5,1.058088648834471e-6,0.00031599713937253716,2.7447166710474696e-5,11.512923818542728,0.0
1970.0,11.512874207325236,11.512861999484073,1.2207841162847899e-5,1.060364331530738e-6,0.0003159322994476797,2.744165303627335e-5,11.512874207325236,0.0
1980.0,11.512825565043022,11.512813331194028,1.223384899340374e-5,1.0626278426861602e-6,0.0003158676068723934,2.7436149804221673e-5,11.512825565043022,0.0
1990.0,11.512777879014333,11.51276561929551,1.2259718822349441e-5,1.0648792976972694e-6,0.00031580305206302265,2.7430656213620975e-5,11.512777879014333,0.0
2000.0,11.512731139172292,11.512718853720315,1.2285451976623563e-5,1.0671188120447e-6,0.0003157386375720444,2.7425172511649953e-5,11.512731139172292,0.0
2010.0,11.512685338348685,11.512673027298913,1.2311049772506522e-5,1.0693465000297097e-6,0.000315674363724261,2.7419698745066158e-5,11.512685338348685,0.0
2020.0,11.512640469436928,11.512628132923396,1.2336513531607807e-5,1.0715624764238967e-6,0.0003156102279363531,2.741423470786014e-5,11.512640469436928,0.0
2030.0,11.51259652539121,11.512584163546666,1.2361844543562484e-5,1.0737668532288301e-6,0.00031554622848857164,2.7408780268867197e-5,11.51259652539121,0.0
2040.0,11.512553494099107,11.51254110705498,1.2387044126427327e-5,1.075959745401092e-6,0.00031548235757485066,2.7403334780294813e-5,11.512553494099107,0.0
2050.0,11.512511356303285,11.512498944189652,1.2412113633786248e-5,1.0781412716687933e-6,0.0003154186060577247,2.7397897495669175e-5,11.512511356303285,0.0
2060.0,11.512470105290666,11.512457668236337,1.243705432862896e-5,1.0803115417353738e-6,0.00031535498719023424,2.7392469583509262e-5,11.512470105290666,0.0
2070.0,11.51242973441293,11.51241727254546,1.2461867470392463e-5,1.0824706650014529e-6,0.0003152914962777177,2.738705065319522e-5,11.51242973441293,0.0
2080.0,11.512390237077357,11.51237775052305,1.2486554306079256e-5,1.0846187497939794e-6,0.000315228238524337,2.7381649860087076e-5,11.512390237077357,0.0
2090.0,11.512351606736816,11.512339095620604,1.2511116212365891e-5,1.086755915710967e-6,0.0003151653066518567,2.737627527528153e-5,11.512351606736816,0.0
2100.0,11.512313836887776,11.512301301333414,1.2535554361647883e-5,1.0888822646131692e-6,0.00031510242100106294,2.737090262353787e-5,11.512313836887776,0.0
2110.0,11.512276921101336,11.512264361231452,1.255986988368818e-5,1.09099789466206e-6,0.00031503967738542594,2.736554024408295e-5,11.512276921101336,0.0
2120.0,11.51224085300084,11.512228268936836,1.2584064004173001e-5,1.0931029123572215e-6,0.0003149770483464494,2.73601857682074e-5,11.51224085300084,0.0
2130.0,11.512205626263663,11.512193018125771,1.2608137891945148e-5,1.095197419266144e-6,0.00031491453686114795,2.7354839470788262e-5,11.512205626263663,0.0
2140.0,11.512171234621025,11.512158602528302,1.2632092722952848e-5,1.0972815175788765e-6,0.0003148521413987227,2.7349501234993356e-5,11.512171234621025,0.0
2150.0,11.512137671857323,11.512125015927662,1.265592966070983e-5,1.0993553084105858e-6,0.00031478985934906884,2.73441708500939e-5,11.512137671857323,0.0
2160.0,11.512104931809715,11.512092252159857,1.2679649858071684e-5,1.1014188919557068e-6,0.0003147276894788536,2.733884822481184e-5,11.512104931809715,0.0
2170.0,11.512073008367667,11.512060305113216,1.270325445013043e-5,1.1034723668705837e-6,0.00031466562979808873,2.7333533202002005e-5,11.512073008367667,0.0
2180.0,11.51204189547248,11.512029168727906,1.2726744573754445e-5,1.105515831970668e-6,0.000314603678655904,2.7328225653837575e-5,11.51204189547248,0.0
2190.0,11.512011587116856,11.511998836995508,1.2750121348048538e-5,1.1075493845330433e-6,0.00031454183430069135,2.732292544360332e-5,11.512011587116856,0.0
2200.0,11.511982077344417,11.51196930395853,1.2773385886788446e-5,1.10957312137642e-6,0.00031448009502137945,2.7317632437968812e-5,11.511982077344417,0.0
2210.0,11.511953360249294,11.511940563710011,1.2796539282433628e-5,1.1115871374722557e-6,0.00031441845911551835,2.7312346504217384e-5,11.511953360249294,0.0
2220.0,11.511925429975665,11.511912610393034,1.2819582630996251e-5,1.1135915281048993e-6,0.0003143569248906117,2.730706751036314e-5,11.511925429975665,0.0
2230.0,11.511898280717334,11.511885438200316,1.2842517017830346e-5,1.1155863876370264e-6,0.00031429549066524197,2.7301795325249996e-5,11.511898280717334,0.0
2240.0,11.511871906717287,11.511859041373778,1.2865343508750016e-5,1.1175718087379833e-6,0.0003142341547700346,2.7296529818636704e-5,11.511871906717287,0.0
2250.0,11.511846302267251,11.511833414204084,1.2888063167793007e-5,1.119547883926726e-6,0.0003141729155483338,2.7291270861256862e-5,11.511846302267251,0.0
2260.0,11.5118214617073,11.511808551030253,1.2910677046562569e-5,1.121514704645863e-6,0.000314111771351692,2.7286018324428268e-5,11.5118214617073,0.0
2270.0,11.51179737942541,11.511784446239222,1.2933186187780166e-5,1.1234723615701533e-6,0.0003140507205457944,2.728077208056885e-5,11.51179737942541,0.0
2280.0,11.511774042854169,11.51176108726136,1.2955592808339134e-5,1.1254210480600254e-6,0.00031398975260701667,2.7275531246369712e-5,11.511774042854169,0.0
2290.0,11.511751445500712,11.511738467602608,1.2977898103727625e-5,1.1273608681674539e-6,0.00031392887347019786,2.7270296353809373e-5,11.511751445500712,0.0
2300.0,11.511729582012592,11.511716581909528,1.30001030633764e-5,1.1292919079413953e-6,0.00031386808161390294,2.7265067284444456e-5,11.511729582012592,0.0
2310.0,11.511708447082315,11.511695424873636,1.3022208678492575e-5,1.1312142535883196e-6,0.0003138073754474021,2.7259843913692736e-5,11.511708447082315,0.0
2320.0,11.511688035446879,11.51167499123094,1.3044215938506909e-5,1.1331279911635079e-6,0.00031374675925998653,2.7254626627640974e-5,11.511688035446879,0.0
2330.0,11.511668341886882,11.511655275761074,1.3066125807981166e-5,1.135033204564986e-6,0.0003136862324204439,2.7249415384827486e-5,11.511668341886882,0.0
2340.0,11.511649361226535,11.511636273287282,1.3087939253253467e-5,1.1369299778480207e-6,0.0003136257853463202,2.7244209366094193e-5,11.511649361226535,0.0
2350.0,11.511631088334205,11.511617978676977,1.3109657228227434e-5,1.138818393990462e-6,0.0003135654236037891,2.7239009068102766e-5,11.511631088334205,0.0
2360.0,11.511613518120921,11.511600386840232,1.3131280688583047e-5,1.140698536127237e-6,0.0003135051461527201,2.723381441352407e-5,11.511613518120921,0.0
2370.0,11.511596645540134,11.51158349272956,1.3152810574013074e-5,1.1425704860071504e-6,0.00031344495052869673,2.7228625201190725e-5,11.511596645540134,0.0
2380.0,11.511580465587626,11.511567291339812,1.3174247813552142e-5,1.1444343244556944e-6,0.0003133848351455941,2.7223441306119293e-5,11.511580465587626,0.0
2390.0,11.511564973301104,11.51155177770777,1.3195593334458522e-5,1.1462901321465157e-6,0.0003133247981003029,2.721826257567937e-5,11.511564973301104,0.0
2400.0,11.511550163759829,11.511536946911775,1.3216848053332342e-5,1.1481379888297806e-6,0.00031326483762885316,2.7213088869217647e-5,11.511550163759829,0.0
2410.0,11.511536032084269,11.511522794071396,1.3238012872562877e-5,1.1499779730234675e-6,0.0003132049519460233,2.7207920044125916e-5,11.511536032084269,0.0
2420.0,11.511522573435732,11.511509314347045,1.3259088687433973e-5,1.1518101626305253e-6,0.00031314513929701123,2.7202755960330783e-5,11.511522573435732,0.0
2430.0,11.51150978301603,11.511496502939632,1.3280076396782192e-5,1.153634635864662e-6,0.0003130853979387818,2.7197596478674325e-5,11.51150978301603,0.0
2440.0,11.511497656067109,11.511484355090232,1.3300976876351456e-5,1.1554514689356e-6,0.0003130257261462935,2.719244146145606e-5,11.511497656067109,0.0
2450.0,11.51148618787072,11.511472866079718,1.3321791001885686e-5,1.1572607380550415e-6,0.00031296612221279064,2.718729077245933e-5,11.51148618787072,0.0
2460.0,11.511475373748066,11.511462031228426,1.334251964024702e-5,1.1590625186650403e-6,0.00031290658444505415,2.718214427653974e-5,11.511475373748066,0.0
2470.0,11.51146520905947,11.51145184589582,1.336316364941581e-5,1.160856885437925e-6,0.00031284711116969654,2.717700184017299e-5,11.51146520905947,0.0
2480.0,11.511455689204027,11.511442305480147,1.3383723880266984e-5,1.1626439124305415e-6,0.00031278770072442616,2.717186333069699e-5,11.511455689204027,0.0
2490.0,11.51144680961928,11.511433405418106,1.3404201173017327e-5,1.1644236727755551e-6,0.00031272835146589503,2.716672861699458e-5,11.51144680961928,0.0
2500.0,11.511438565780876,11.51142514118451,1.3424596366107266e-5,1.1661962394529455e-6,0.00031266906176669735,2.7161597569233736e-5,11.511438565780876,0.0
2510.0,11.51143095320226,11.511417508291977,1.3444910281990019e-5,1.1679616840554392e-6,0.00031260983001264584,2.715647005863192e-5,11.51143095320226,0.0
2520.0,11.511423967434327,11.51141050229058,1.3465143746671515e-5,1.1697200784858795e-6,0.0003125506546049639,2.7151345957647442e-5,11.511423967434327,0.0
2530.0,11.511417604065109,11.51140411876754,1.3485297568394117e-5,1.1714714931054153e-6,0.0003124915339613435,2.7146225140072334e-5,11.511417604065109,0.0
2540.0,11.511411858719455,11.511398353346902,1.3505372553623829e-5,1.173215998122248e-6,0.00031243246651259295,2.7141107480742015e-5,11.511411858719455,0.0
2550.0,11.51140672705872,11.511393201689222,1.3525369498168516e-5,1.1749536628200073e-6,0.0003123734507050401,2.7135992855744976e-5,11.51140672705872,0.0
2560.0,11.511402204780437,11.51138865949124,1.3545289196059684e-5,1.1766845563292557e-6,0.00031231448499689226,2.7130881142107503e-5,11.511402204780437,0.0
2570.0,11.511398287618018,11.511384722485591,1.3565132427117987e-5,1.1784087465472394e-6,0.00031225556786401715,2.7125772218296708e-5,11.511398287618018,0.0
2580.0,11.51139497134044,11.511381386440469,1.3584899971164077e-5,1.1801263013723338e-6,0.00031219669779304464,2.7120665963622218e-5,11.51139497134044,0.0
2590.0,11.511392251751941,11.511378647159347,1.3604592593807752e-5,1.1818372874694842e-6,0.0003121378732854234,2.7115562258589402e-5,11.511392251751941,0.0
2600.0,11.511390124691717,11.511376500480658,1.3624211058882452e-5,1.1835417713503404e-6,0.00031207909285813795,2.7110460984962547e-5,11.511390124691717,0.0
2610.0,11.511388586033616,11.511374942277495,1.3643756121339834e-5,1.1852398187559533e-6,0.0003120203550385018,2.7105362025313406e-5,11.511388586033616,0.0
2620.0,11.511387631685855,11.511373968457331,1.3663228523697057e-5,1.1869314943480938e-6,0.0003119616583676968,2.710026526332948e-5,11.511387631685855,0.0
2630.0,11.511387257590709,11.51137357496169,1.3682629019129422e-5,1.1886168637152728e-6,0.00031190300140037795,2.7095170583780544e-5,11.511387257590709,0.0
2640.0,11.511387459724222,11.511373757765888,1.3701958334166875e-5,1.1902959901321167e-6,0.000311844382704623,2.7090077872515104e-5,11.511387459724222,0.0
2650.0,11.511388234095925,11.511374512878731,1.3721217193563007e-5,1.1919689367197018e-6,0.00031178580086211314,2.7084987016476905e-5,11.511388234095925,0.0
2660.0,11.51138957674854,11.511375836342214,1.3740406325624122e-5,1.1936357669084448e-6,0.00031172725446317105,2.70798979032747e-5,11.51138957674854,0.0
2670.0,11.5113914837577,11.511377724231256,1.3759526444445669e-5,1.1952965428949256e-6,0.00031166874211504945,2.707481042190309e-5,11.5113914837577,0.0
2680.0,11.511393951231668,11.51138017265341,1.377857825701767e-5,1.1969513262590953e-6,0.0003116102624332424,2.7069724461988505e-5,11.511393951231668,0.0
2690.0,11.511396975311365,11.511383177748595,1.3797562770534455e-5,1.1986002046603254e-6,0.0003115524001342022,2.7064690827915364e-5,11.511396975311365,0.0
2700.0,11.511400552111548,11.511386735631074,1.3816480473494153e-5,1.200243220705215e-6,0.0003114946751023738,2.7059667821674056e-5,11.511400552111548,0.0
2710.0,11.51140467780281,11.511390842470643,1.3835332167033698e-5,1.2018804441574421e-6,0.0003114369377392167,2.7054642457297477e-5,11.51140467780281,0.0
2720.0,11.511409339937131,11.511395485818696,1.3854118435574492e-5,1.203511926859353e-6,0.00031137922522471,2.7049617994594793e-5,11.511409339937131,0.0
2730.0,11.511414534706955,11.51140066186696,1.387283999498834e-5,1.2051377311764491e-6,0.00031132153942879296,2.7044594605654885e-5,11.511414534706955,0.0
2740.0,11.511420258456644,11.511406366959129,1.389149751496177e-5,1.2067579154498028e-6,0.00031126387683251853,2.703957199406863e-5,11.511420258456644,0.0
2750.0,11.511426507560211,11.51141259746856,1.3910091650970458e-5,1.2083725367863753e-6,0.0003112062376110796,2.703455018426193e-5,11.511426507560211,0.0
2760.0,11.511433278421759,11.511419349798697,1.3928623062042789e-5,1.209981652602032e-6,0.00031114861972185453,2.7029529007921563e-5,11.511433278421759,0.0
2770.0,11.511440567475118,11.511426620382714,1.3947092403654437e-5,1.2115853200042666e-6,0.0003110910221999069,2.7024508390277048e-5,11.511440567475118,0.0
2780.0,11.51144837118362,11.511434405683307,1.396550031351751e-5,1.213183594557664e-6,0.0003110334436769345,2.7019488221442085e-5,11.51144837118362,0.0
2790.0,11.511456686039836,11.511442702192396,1.398384744000225e-5,1.2147765327528645e-6,0.000310976320358826,2.70145064035165e-5,11.511456686039836,0.0
2800.0,11.511465508565323,11.511451506430916,1.4002134406609912e-5,1.2163641889202865e-6,0.0003109205294644642,2.7009639149169837e-5,11.511465508565323,0.0
2810.0,11.511474835310395,11.51146081494855,1.4020361845723528e-5,1.2179466181620231e-6,0.0003108647537494052,2.7004772038058582e-5,11.511474835310395,0.0
2820.0,11.511484662853848,11.511470624323469,1.4038530379067993e-5,1.2195238746543799e-6,0.00031080899199514015,2.699990497299473e-5,11.511484662853848,0.0
2830.0,11.511494987802745,11.511480931162126,1.4056640619486416e-5,1.2210960118021538e-6,0.0003107532429901159,2.6995037857322727e-5,11.511494987802745,0.0
2840.0,11.511505806792158,11.511491732098982,1.4074693176269193e-5,1.2226630827015414e-6,0.0003106975055308127,2.6990170595013834e-5,11.511505806792158,0.0
2850.0,11.511517116484937,11.511503023796276,1.4092688660483077e-5,1.2242251406030402e-6,0.00031064177842913263,2.6985303091308582e-5,11.511517116484937,0.0
2860.0,11.511528913571464,11.5115148029438,1.4110627663654896e-5,1.2257822370596868e-6,0.00031058606050301987,2.6980435251902627e-5,11.511528913571464,0.0
2870.0,11.511541194769425,11.51152706625864,1.4128510784416903e-5,1.2273344242416964e-6,0.0003105303505818474,2.6975566983415318e-5,11.511541194769425,0.0
2880.0,11.511553956823576,11.511539810484969,1.41463386071905e-5,1.2288817530847026e-6,0.0003104746475054929,2.697069819331006e-5,11.511553956823576,0.0
2890.0,11.511567196505517,11.511553032393802,1.416411171462073e-5,1.2304242743699074e-6,0.0003104189501217083,2.696582878966644e-5,11.511567196505517,0.0
2900.0,11.511580910613452,11.51156672878276,1.4181830691128994e-5,1.2319620390326775e-6,0.0003103632572885644,2.6960958681393235e-5,11.511580910613452,0.0
2910.0,11.51159506753711,11.511580868040994,1.419949611580762e-5,1.2334951005921357e-6,0.0003103075347056536,2.695608496347531e-5,11.51159506753711,0.0
2920.0,11.511609642699733,11.511595425591148,1.4217108585512506e-5,1.235023513373606e-6,0.00031025179580654967,2.6951208860986757e-5,11.511609642699733,0.0
2930.0,11.511624633383569,11.511610398714886,1.4234668682888696e-5,1.236547328133714e-6,0.0003101960610075807,2.694633215436994e-5,11.511624633383569,0.0
2940.0,11.51164003689636,11.511625784719394,1.4252176965712238e-5,1.2380665934681842e-6,0.0003101403244646278,2.6941454342785754e-5,11.51164003689636,0.0
2950.0,11.511655847679556,11.511641578045587,1.426963396866654e-5,1.2395813562775088e-6,0.00031008458285059615,2.6936575150750442e-5,11.511655847679556,0.0
2960.0,11.511672042311128,11.51165775527102,1.4287040107419102e-5,1.2410916550529857e-6,0.00031002881478191024,2.6931692776027666e-5,11.511672042311128,0.0
2970.0,11.511688617604436,11.511674313208426,1.4304396010800247e-5,1.2425975446317247e-6,0.0003099741189487788,2.692690266784543e-5,11.511688617604436,0.0
2980.0,11.511705569994255,11.511691248291088,1.4321703167397004e-5,1.2440991545794156e-6,0.0003099149800887776,2.692172573424602e-5,11.511705569994255,0.0
2990.0,11.511722897663612,11.511708558700832,1.4338962779802955e-5,1.245596589430862e-6,0.000309852128321388,2.691622540569273e-5,11.511722897663612,0.0
3000.0,11.511740598295228,11.51172624212666,1.4356168568596672e-5,1.2470893038297507e-6,0.0003097898651666454,2.6910775353339887e-5,11.511740598295228,0.0
3010.0,11.51175866945715,11.51174429613122,1.4373325930350234e-5,1.2485777667043488e-6,0.0003097276657703859,2.6905329990295174e-5,11.51175866945715,0.0
3020.0,11.511777129268362,11.511762738834555,1.4390433806354963e-5,1.2500618839959731e-6,0.0003096653588093103,2.689987439228606e-5,11.511777129268362,0.0
3030.0,11.511795998146452,11.511781590653353,1.4407493099000135e-5,1.2515417317436764e-6,0.00030960315017607696,2.68944263975775e-5,11.511795998146452,0.0
3040.0,11.511815273483583,11.511800848979407,1.4424504175991615e-5,1.2530173420361553e-6,0.000309540899777067,2.688897384325357e-5,11.511815273483583,0.0
3050.0,11.511834952680179,11.511820511212582,1.4441467596881807e-5,1.2544887636283869e-6,0.0003094786597931454,2.688352126878719e-5,11.511834952680179,0.0
3060.0,11.511855033160376,11.5118405747765,1.4458383876814196e-5,1.255956041416976e-6,0.00030941641224481946,2.68780671189424e-5,11.511855033160376,0.0
3070.0,11.511875512368778,11.511861037115246,1.447525353270862e-5,1.2574192204524694e-6,0.0003093541607776625,2.687261171694231e-5,11.511875512368778,0.0
3080.0,11.511896387771031,11.51188189569395,1.4492077081484922e-5,1.2588783457849486e-6,0.0003092919041864616,2.6867154964582482e-5,11.511896387771031,0.0
3090.0,11.511917656853434,11.511903147998398,1.4508855036510226e-5,1.2603334621554224e-6,0.0003092296415105332,2.6861696784847857e-5,11.511917656853434,0.0
3100.0,11.511939317122808,11.511924791534913,1.4525587895164449e-5,1.261784612915667e-6,0.0003091673723197086,2.6856237146755492e-5,11.511939317122808,0.0
3110.0,11.511961366106336,11.511946823830174,1.4542276161932932e-5,1.2632318420341896e-6,0.00030910509580226033,2.685077598612618e-5,11.511961366106336,0.0
3120.0,11.511983801351374,11.511969242431045,1.455892032886652e-5,1.2646751923988523e-6,0.00030904281134170843,2.684531325569016e-5,11.511983801351374,0.0
3130.0,11.512006620425293,11.511992044904403,1.4575520889792415e-5,1.2661147070513017e-6,0.00030898051825517677,2.683984890235947e-5,11.512006620425293,0.0
3140.0,11.512029820915304,11.51201522883698,1.4592078324326963e-5,1.2675504277982117e-6,0.00030891821588683894,2.6834382875345724e-5,11.512029820915304,0.0
3150.0,11.51205340042831,11.512038791835183,1.4608593128073721e-5,1.2689823978344473e-6,0.0003088559035810492,2.6828915123826484e-5,11.51205340042831,0.0
3160.0,11.512077356590712,11.512062731524946,1.4625065766438183e-5,1.2704106577311412e-6,0.000308793580691309,2.6823445597724674e-5,11.512077356590712,0.0
3170.0,11.512101687048274,11.512087045551553,1.4641496720813052e-5,1.271835249447589e-6,0.00030873124657403785,2.681797424716782e-5,11.512101687048274,0.0
3180.0,11.512126389465937,11.512111731579486,1.4657886451274749e-5,1.2732562130908596e-6,0.0003086689005941541,2.6812501022973364e-5,11.512126389465937,0.0
3190.0,11.512151461527683,11.512136787292253,1.4674235430334193e-5,1.2746735898475484e-6,0.00030860654212098147,2.68070258762934e-5,11.512151461527683,0.0
3200.0,11.51217690093739,11.51216221039263,1.4690544761108981e-5,1.2760874756808844e-6,0.00030854630148308663,2.680173386303358e-5,11.51217690093739,0.0
3210.0,11.512202705238122,11.512187998423505,1.4706814617682085e-5,1.2774978858729089e-6,0.00030848695499978467,2.6796518693978626e-5,11.512202705238122,0.0
3220.0,11.512228872033297,11.51221414898738,1.4723045916653632e-5,1.2789049001988125e-6,0.0003084272277952881,2.679126963368072e-5,11.512228872033297,0.0
3230.0,11.512255399023111,11.51224065978476,1.473923835071389e-5,1.2803084921104696e-6,0.00030836745146664937,2.6786015492048268e-5,11.512255399023111,0.0
3240.0,11.512282283925112,11.512267528532199,1.4755392912846332e-5,1.2817087480081736e-6,0.00030830762239685315,2.678075596073168e-5,11.512282283925112,0.0
3250.0,11.512309524468595,11.512294752958777,1.4771509817990136e-5,1.2831056867081574e-6,0.0003082476885863791,2.6775486528677897e-5,11.512309524468595,0.0
3260.0,11.512337118402469,11.51232233081291,1.4787589558196146e-5,1.2844993510968496e-6,0.00030818768526357236,2.6770210261731687e-5,11.512337118402469,0.0
3270.0,11.512365063493048,11.512350259860517,1.4803632531368294e-5,1.285889775882126e-6,0.00030812759524374947,2.676492567290585e-5,11.512365063493048,0.0
3280.0,11.512393357523822,11.512378537884672,1.4819639149621366e-5,1.2872769970056769e-6,0.00030806742427683044,2.6759633267351463e-5,11.512393357523822,0.0
3290.0,11.51242199829554,11.512407162685733,1.4835609807306582e-5,1.2886610488655692e-6,0.00030800717015098505,2.675433285859281e-5,11.51242199829554,0.0
3300.0,11.512450983625214,11.512436132080348,1.4851544866800737e-5,1.290041963081962e-6,0.0003079468328080863,2.674902444719164e-5,11.512450983625214,0.0
3310.0,11.512480311346616,11.512465443901934,1.486744468159884e-5,1.291419770502938e-6,0.0003078864118912956,2.674370800772141e-5,11.512480311346616,0.0
3320.0,11.512509979310327,11.51249509600071,1.4883309615854046e-5,1.29279450290176e-6,0.0003078259069507493,2.673838350663389e-5,11.512509979310327,0.0
3330.0,11.512539985383581,11.512525086243567,1.489914001417958e-5,1.2941661903537927e-6,0.0003077653176477796,2.6733050919998632e-5,11.512539985383581,0.0
3340.0,11.512570327450142,11.512555412513905,1.491493623717588e-5,1.2955348643224584e-6,0.0003077046435935655,2.6727710219488177e-5,11.512570327450142,0.0
3350.0,11.512601003410145,11.512586072711525,1.493069862057439e-5,1.2969005541103848e-6,0.0003076438844260714,2.6722361379061454e-5,11.512601003410145,0.0
3360.0,11.512632011179983,11.512617064752465,1.494642751787012e-5,1.2982632905625368e-6,0.000307583039775914,2.6717004371999238e-5,11.512632011179983,0.0
3370.0,11.512663338152782,11.51264837602945,1.4962123332296073e-5,1.2996231100332653e-6,0.00030752209722787957,2.6711638149684814e-5,11.512663338152782,0.0
3380.0,11.512694961738783,11.512679983952243,1.4977786539915883e-5,1.3009800563371968e-6,0.00030746104662400254,2.67062618827144e-5,11.512694961738783,0.0
3390.0,11.512726880160953,11.512711886743464,1.4993417488895489e-5,1.3023341598359774e-6,0.0003074001429241985,2.6700897721626567e-5,11.512726880160953,0.0
3400.0,11.51275909164867,11.512744082632075,1.5009016594902391e-5,1.3036854567546626e-6,0.00030733946750262077,2.6695552739009725e-5,11.51275909164867,0.0
3410.0,11.512791594432981,11.512776569848754,1.5024584227418813e-5,1.3050339793073265e-6,0.00030727860035929236,2.6690190458053385e-5,11.512791594432981,0.0
3420.0,11.512824386779434,11.512809346658845,1.5040120588949435e-5,1.3063797452014047e-6,0.00030721766841561125,2.6684821907680598e-5,11.512824386779434,0.0
3430.0,11.51285746696494,11.512842411338884,1.5055626056081906e-5,1.307722787264813e-6,0.0003071566443931613,2.6679444722955906e-5,11.51285746696494,0.0
3440.0,11.51289083327868,11.512875762177757,1.507110092369146e-5,1.3090631312274384e-6,0.0003070955301455229,2.6674059069321272e-5,11.51289083327868,0.0
3450.0,11.512924484022799,11.512909397477287,1.5086545511522331e-5,1.310400804978689e-6,0.0003070343275743505,2.666866511636041e-5,11.512924484022799,0.0
3460.0,11.512958417512012,11.512943315551889,1.5101960123331537e-5,1.3117358350187736e-6,0.000306973034507804,2.6663262679805793e-5,11.512958417512012,0.0
3470.0,11.512992632077204,11.512977514730007,1.5117347196280662e-5,1.3130684331510034e-6,0.0003069194246784862,2.665852697789063e-5,11.512992632077204,0.0
3480.0,11.513027125436237,11.513011992730114,1.5132706122855666e-5,1.314398546792469e-6,0.00030686934408130547,2.6654097201189212e-5,11.513027125436237,0.0
3490.0,11.51306189545,11.513046747410847,1.5148039153700665e-5,1.3157263715994804e-6,0.0003068178736602332,2.6649546093510417e-5,11.51306189545,0.0
3500.0,11.513096940261116,11.513081776917705,1.516334341111758e-5,1.3170516577595738e-6,0.00030676610336499,2.6644968330999963e-5,11.513096940261116,0.0
3510.0,11.513132258038837,11.513117079417464,1.5178621373124201e-5,1.3183746206446992e-6,0.0003067141146505923,2.6640370993430972e-5,11.513132258038837,0.0
3520.0,11.513167846940332,11.513152653067827,1.519387250503712e-5,1.3196952139523398e-6,0.0003066616791016278,2.6635734246081048e-5,11.513167846940332,0.0
3530.0,11.513203705142034,11.513188496044757,1.52090972775909e-5,1.3210134787069044e-6,0.0003066089435553136,2.6631070847671682e-5,11.513203705142034,0.0
3540.0,11.513239830832815,11.513224606536923,1.5224295891513862e-5,1.3223294324802237e-6,0.00030655584494571113,2.6626375325279427e-5,11.513239830832815,0.0
3550.0,11.51327622221306,11.51326098274447,1.5239468590166894e-5,1.3236430965466399e-6,0.0003065024081811788,2.6621649847141727e-5,11.51327622221306,0.0
3560.0,11.513312877495968,11.51329762288034,1.5254615627569024e-5,1.3249544931056153e-6,0.0003064486287066279,2.6616894022363912e-5,11.513312877495968,0.0
3570.0,11.513349794906713,11.51333452516948,1.5269737232870284e-5,1.3262636421960641e-6,0.00030639450930213647,2.6612108097130827e-5,11.513349794906713,0.0
3580.0,11.513386972682653,11.513371687848997,1.528483365653699e-5,1.3275705657077882e-6,0.0003063400519544299,2.66072922486902e-5,11.513386972682653,0.0
3590.0,11.513424378903157,11.513409078998286,1.529990487014743e-5,1.3288752647893796e-6,0.0003062852065026649,2.6602442194686443e-5,11.513424378903157,0.0
3600.0,11.51346194163582,11.51344662668529,1.5314950529088378e-5,1.3301777177640497e-6,0.0003062298559907142,2.6597547943707836e-5,11.51346194163582,0.0
