t,signed,gross,max_abs_u3,int_rhoe
0.0,2.1059202992557147e-9,3.488170169374527e-9,0.0,-7.294100384667896e7
10.0,6.98933254284065,25.383901897479067,5.719381833358388,-7.294085704556276e7
20.0,12.728106609191322,20.23700261032362,1.2115378349441066,-7.294071848637752e7
30.0,12.171463310991614,20.692171426171175,0.2508123487376074,-7.294057836798565e7
40.0,12.182439262656638,20.688037208387097,0.11189425553663074,-7.294043773109657e7
50.0,12.200930007053575,20.672429498814363,0.026244252147042346,-7.294029664962055e7
60.0,12.203961185099189,20.667247405106284,0.01367337061112155,-7.294015487429205e7
70.0,12.213202111173358,20.657692763261593,0.007067567760000948,-7.29400131619718e7
80.0,12.213738174613706,20.656776344964655,0.005692015463177354,-7.29398705416741e7
90.0,12.197142237044101,20.67328752589309,0.0051393272268757595,-7.293972829241468e7
100.0,12.191043955915925,20.67929388845607,0.008347448012749538,-7.293958503238179e7
110.0,12.194834426638202,20.675127970686823,0.005782030933364118,-7.293944188707638e7
120.0,12.196605695723948,20.672982077010175,0.007762562299199886,-7.293929778907451e7
130.0,12.20162043449972,20.667549566350825,0.006519516767338522,-7.293915328452393e7
140.0,12.210289351123409,20.658393977401232,0.008444533485166966,-7.293900847673735e7
150.0,12.209783371054769,20.658523418904213,0.004925177184680879,-7.293886316769184e7
160.0,12.210516836773367,20.65746907258068,0.008500731174419785,-7.293871757487305e7
170.0,12.210294376156641,20.657348509727512,0.004965045977368303,-7.293857147548768e7
180.0,12.212454867018979,20.65484244286997,0.008712078474607518,-7.293842491282673e7
190.0,12.220476243609964,20.646351555686095,0.006305671538457998,-7.293827806842193e7
200.0,12.215124669760192,20.65141006421772,0.005884025713511525,-7.293813124504434e7
210.0,12.208484630533736,20.657860150086957,0.006077256227090735,-7.293798361083317e7
220.0,12.213367979623438,20.652610044894082,0.008204542639666416,-7.293783543018617e7
230.0,12.219953094424701,20.64556938566646,0.006451116427932161,-7.293768723798783e7
240.0,12.220596266610446,20.644553591415242,0.006798301841042222,-7.293753858444871e7
250.0,12.220426930449383,20.644399264406434,0.006373461397847129,-7.29373897258976e7
260.0,12.221427027561873,20.643061597000813,0.007007970317118337,-7.293724029341847e7
270.0,12.221196887608217,20.642967149112707,0.006172035389490972,-7.293709079193622e7
280.0,12.222013811245015,20.64181502351265,0.007142758024746885,-7.293694061737755e7
290.0,12.221843897108714,20.641660595967622,0.0060637422565247585,-7.293679043285976e7
300.0,12.222237262032074,20.64093788376557,0.0071524775655715045,-7.29366395776513e7
310.0,12.222225085599487,20.64062550305184,0.006083927509808551,-7.293648869845754e7
320.0,12.222580987482015,20.63994039470882,0.007116753982337264,-7.293633717582959e7
330.0,12.22251111961353,20.63968805705459,0.006099539844804117,-7.29361856308226e7
340.0,12.222840272495617,20.639032241000265,0.007091823647968648,-7.293603345299189e7
350.0,12.222840881105773,20.63870861635414,0.006129543232337947,-7.293588124739835e7
360.0,12.223369980183152,20.637849910092907,0.0071011899103882205,-7.293572844838233e7
370.0,12.223595003637243,20.637297809799957,0.006157820337306386,-7.29355755692824e7
380.0,12.22298567823453,20.63759390860389,0.006838964262484076,-7.29354222661959e7
390.0,12.224138578249374,20.636105441173765,0.0065681337949817726,-7.293526866301247e7
400.0,12.22387952176176,20.63604263489312,0.006504640587861372,-7.293511481267023e7
410.0,12.224448915854277,20.635145047483103,0.006751561749190215,-7.293496058314414e7
420.0,12.225029490537427,20.63423299721839,0.006509955335557496,-7.293480609664208e7
430.0,12.225203305884676,20.633733621285003,0.0066412461116691,-7.293465129395923e7
440.0,12.225946448606637,20.632658483409898,0.006637958517683755,-7.293449617442779e7
450.0,12.22702639340767,20.631239131972023,0.006705246183510187,-7.2934340710338e7
460.0,12.227209365280892,20.630728809820358,0.00643963437932205,-7.293418488181719e7
470.0,12.224074205474846,20.633590676808346,0.006040347941344537,-7.29340286651973e7
480.0,12.218770480648082,20.63866946383659,0.006035369798063114,-7.29338722802771e7
490.0,12.216338690675514,20.64084467861215,0.006628715330511161,-7.293371562286046e7
500.0,12.216597900844203,20.64027348626648,0.006559921880830061,-7.293355869695242e7
510.0,12.216759192257122,20.639789397045174,0.006562209372841115,-7.29334015067255e7
520.0,12.216919535252078,20.639306995575748,0.0065609576491571266,-7.293324405573425e7
530.0,12.217080953451376,20.63882400437889,0.006560284584674723,-7.293308634682794e7
540.0,12.217242392478449,20.638341276793042,0.006560462269255123,-7.293292838282107e7
550.0,12.21740439128068,20.637858380918328,0.006560258784915952,-7.29327701665013e7
560.0,12.217566262776272,20.637375834306773,0.006559018145411181,-7.293261170062725e7
570.0,12.217727655070059,20.636893938751715,0.00655814229520229,-7.293245298792815e7
580.0,12.217888645425548,20.636412605467516,0.006557117338804503,-7.29322940311048e7
590.0,12.218049180466025,20.63593187314253,0.006556140566250081,-7.293213483282998e7
600.0,12.218209314338264,20.635451750351013,0.006555137671911932,-7.293197539574887e7
610.0,12.2183690454352,20.634972201535813,0.006554130428776229,-7.293181572247894e7
620.0,12.218528363973528,20.634493216226918,0.006553114993593622,-7.293165581562749e7
630.0,12.218687261789759,20.634014827962726,0.0065520916032099615,-7.293149567812341e7
640.0,12.218845751102858,20.633537026093144,0.0065510599497852155,-7.293133531249715e7
650.0,12.219003819596256,20.633059792688353,0.006550019746993465,-7.293117472125281e7
660.0,12.219161455858858,20.63258312213485,0.0065489711339345915,-7.293101390686838e7
670.0,12.219318707128352,20.63210701959891,0.006547913979021437,-7.293085287179601e7
680.0,12.21947557057446,20.63163150318461,0.0065468482891376965,-7.293069161846231e7
690.0,12.219632022912451,20.631156544517392,0.006545774013768783,-7.293053014926854e7
700.0,12.219788072378435,20.630682150112023,0.006544691135636324,-7.293036846659084e7
710.0,12.219943722868857,20.630208322574937,0.006543599625316961,-7.293020657278058e7
720.0,12.220098980082565,20.62973505650855,0.006542499466782383,-7.29300444701645e7
730.0,12.220253842391607,20.62926235350673,0.0065414000287971385,-7.292988216468962e7
740.0,12.220408301114922,20.628790202338262,0.006540293504127314,-7.292971966033812e7
750.0,12.22056237356851,20.62831860983993,0.0065391773358757935,-7.29295569593211e7
760.0,12.220716037634253,20.6278475743295,0.006538052422413015,-7.292939406382634e7
770.0,12.220869328460882,20.62737708689718,0.0065369183926198065,-7.292923097601815e7
780.0,12.221022209780953,20.626907160766077,0.00653577535345624,-7.292906769803798e7
790.0,12.22117471744987,20.62643776764098,0.00653462327620542,-7.29289042320045e7
800.0,12.221326817030294,20.625968919437845,0.0065334621725764985,-7.29287405800137e7
810.0,12.22147855055092,20.625500614236707,0.006532292044696802,-7.292857674413933e7
820.0,12.22162993927377,20.62503281542213,0.0065281419614743,-7.292841272643332e7
830.0,12.22178338938245,20.62456367651923,0.006535425699822089,-7.29282485289329e7
840.0,12.221938571182498,20.624093337206297,0.0065308152622499515,-7.292808415379824e7
850.0,12.222093039957425,20.62362385607384,0.0065309290304248376,-7.292791960387053e7
860.0,12.222247159586804,20.62315486260865,0.00652922412554266,-7.292775488136566e7
870.0,12.222400850358214,20.622686424273407,0.006528133735524999,-7.292758998821232e7
880.0,12.222554160012303,20.622218532657424,0.006526874202782163,-7.292742492631856e7
890.0,12.222707093383962,20.62175118737663,0.0065256229868548106,-7.292725969757193e7
900.0,12.222859618054855,20.621284379023987,0.0065243748546967234,-7.292709430383994e7
910.0,12.223011771544739,20.62081810899475,0.006523107455985454,-7.292692874697004e7
920.0,12.223163564116655,20.620352367872833,0.006521836895232346,-7.292676302879001e7
930.0,12.223314947151419,20.619887159251753,0.006520555506376628,-7.292659715110807e7
940.0,12.223465962770543,20.61942248318781,0.006519266263241251,-7.2926431115713e7
950.0,12.223616575950087,20.61895834912541,0.006517968344926282,-7.29262649243745e7
960.0,12.223766823607752,20.6184947456866,0.006516661986718831,-7.292609857884336e7
970.0,12.223916668086568,20.61803168928596,0.006515347163328471,-7.29259320808514e7
980.0,12.224066159218388,20.617569139107008,0.006514024010638029,-7.292576543211214e7
990.0,12.224215251371067,20.617107127014418,0.00651269256970166,-7.292559863432048e7
1000.0,12.224363995242872,20.61664564624419,0.006511352918563125,-7.292543168915325e7
1010.0,12.22451247284124,20.616184597707438,0.006508621199755622,-7.29252645982696e7
1020.0,12.224662462190148,20.615722602114054,0.006511742999351891,-7.292509736331928e7
1030.0,12.22481331192534,20.615260126314528,0.006508349909251959,-7.292492998593079e7
1040.0,12.22496355040249,20.61479836352277,0.006507817842182655,-7.292476246771263e7
1050.0,12.22511345634929,20.61433709490131,0.006506097224778381,-7.29245948115917e7
1060.0,12.22526294550043,20.613876371308564,0.006504812451000188,-7.292442701999524e7
1070.0,12.22541207570144,20.61341617104008,0.0065033942146917245,-7.292425909567976e7
1080.0,12.225560825263278,20.6129564826281,0.006501992967848937,-7.292409104127744e7
1090.0,12.22570921613851,20.61249670016196,0.006500586634433831,-7.29239228582285e7
1100.0,12.225857199799899,20.612034967334544,0.0064991652451960764,-7.292375454795788e7
1110.0,12.226004813466801,20.611573709974575,0.00649773799002659,-7.292358611187547e7
1120.0,12.226152057994833,20.611112943955472,0.006496301828374917,-7.292341755137639e7
1130.0,12.226298930199441,20.61065265186171,0.0064948586982384576,-7.29232488678408e7
1140.0,12.226445411159094,20.610192833515438,0.0064934079694284426,-7.292308006263421e7
1150.0,12.226591533819256,20.609733520903443,0.006491949945328915,-7.292291113710782e7
1160.0,12.22673727286204,20.609274704430355,0.006490486361512183,-7.292274209327102e7
1170.0,12.226882623523618,20.608816337263267,0.006489015854023469,-7.292257293274929e7
1180.0,12.227027595482753,20.60835845147489,0.006487538123947964,-7.292240365684931e7
1190.0,12.227172205663905,20.607901051513878,0.006486053405807736,-7.292223426686381e7
1200.0,12.227316476788877,20.607444122349364,0.006484561737231887,-7.292206476407182e7
1210.0,12.227460335566478,20.60698764402089,0.006483063232977191,-7.292189514973861e7
1220.0,12.227603856240195,20.60653163766824,0.0064815579835933845,-7.292172542511614e7
1230.0,12.227747015194995,20.606076105914163,0.006480046091328328,-7.292155559144285e7
1240.0,12.227889774792855,20.605621069156093,0.006478527661257257,-7.292138564994405e7
1250.0,12.228032191250813,20.605166493021887,0.006477003272505598,-7.292121560199162e7
1260.0,12.228174246816094,20.604712378040787,0.006475474485201573,-7.292104544948281e7
1270.0,12.228315925424528,20.60425872675391,0.0064739395878615855,-7.292087519357334e7
1280.0,12.228457229796295,20.603805556489743,0.0064724025924060334,-7.292070483646621e7
1290.0,12.22859819664941,20.603352843109725,0.00647085814237319,-7.292053438015531e7
1300.0,12.228738777668472,20.602900598759785,0.006469311713697221,-7.29203638271862e7
1310.0,12.228879022030918,20.602448811125445,0.006467757763864336,-7.2920193178652e7
1320.0,12.229018886451511,20.60199747237266,0.00646619801942097,-7.292002243563418e7
1330.0,12.229158414500882,20.6015466209729,0.00646463293690044,-7.291985159945205e7
1340.0,12.229297554381295,20.601096217410642,0.006463077005425693,-7.291968067626949e7
1350.0,12.229436371450069,20.600646273379812,0.006461509955229915,-7.291950966704422e7
1360.0,12.229574833387655,20.600196787554324,0.006459937472505574,-7.291933857272394e7
1370.0,12.229712911231724,20.59974775394921,0.006458358463767169,-7.291916739424627e7
1380.0,12.229850654265562,20.599299176128483,0.006456772983782465,-7.291899613253903e7
1390.0,12.229988034923382,20.59885104191302,0.006455181333951612,-7.291882478852022e7
1400.0,12.230125052396078,20.598403358575027,0.006453579579449819,-7.291865336309841e7
1410.0,12.230261723396332,20.59795613733467,0.006451964506668387,-7.291848185717317e7
1420.0,12.230398052492804,20.597509365182045,0.006450354264929232,-7.291831027163379e7
1430.0,12.230534033431615,20.597063042266058,0.006448738526806214,-7.291813860736011e7
1440.0,12.23066966967339,20.596617176562958,0.006447116587269694,-7.291796686522272e7
1450.0,12.230804936900673,20.59617175540789,0.00644548912576169,-7.291779504608311e7
1460.0,12.23093988119677,20.595726766306317,0.006443856028454997,-7.29176231507936e7
1470.0,12.231074478336208,20.595282216612596,0.0064422174452550916,-7.291745118019755e7
1480.0,12.231208709969456,20.59483812930329,0.0064405734682115665,-7.29172791351295e7
1490.0,12.231342642758364,20.594393126930072,0.006438924880462357,-7.291710701641515e7
1500.0,12.231476395839271,20.593948439506708,0.006437275660329491,-7.291693482549664e7
1510.0,12.23160995026167,20.593504061444424,0.006435625774637148,-7.2916762565123e7
1520.0,12.231743267345571,20.593059978393956,0.006433970229343023,-7.291659023655987e7
1530.0,12.231876375807806,20.59261618825827,0.006432317067976015,-7.291641784046063e7
1540.0,12.232009297599573,20.59217269981002,0.006430650547249147,-7.291624537754008e7
1550.0,12.232142036176883,20.59172951250927,0.006428979609347516,-7.291607284851493e7
1560.0,12.232274543337393,20.59128663734866,0.006427303083519792,-7.291590025409432e7
1570.0,12.232406854749915,20.59084405952091,0.006425644619423096,-7.291572759487614e7
1580.0,12.23253898078823,20.590401765599758,0.006423969341954027,-7.29155548714962e7
1590.0,12.232670910206613,20.589959773402004,0.006422279129265292,-7.29153820846384e7
1600.0,12.232802641820204,20.58951806416618,0.006420584458034369,-7.291520923497947e7
1610.0,12.232934165597161,20.58907665650179,0.006418885014644193,-7.29150363231891e7
1620.0,12.233065488138088,20.588635537822604,0.0064171812870069235,-7.291486334992999e7
1630.0,12.23319660687286,20.588194739882177,0.0064154731602774975,-7.291469031585798e7
1640.0,12.233327538586513,20.58775422991109,0.006413760937361105,-7.291451722162192e7
1650.0,12.233458247494003,20.58731403810101,0.006412044308517115,-7.291434406786408e7
1660.0,12.23358875569216,20.586874157117325,0.006410323838977935,-7.291417085521989e7
1670.0,12.233719068190114,20.586434550345984,0.006408599332174857,-7.291399758431822e7
1680.0,12.233849179397696,20.585995226685423,0.006406870975989741,-7.291382425578138e7
1690.0,12.233979078408328,20.585556215533398,0.006405138847138364,-7.291365087022512e7
1700.0,12.234108804542737,20.58511750803725,0.006403403034434829,-7.291347742825896e7
1710.0,12.234238328044349,20.584679091127718,0.006401663637149821,-7.291330393048586e7
1720.0,12.234367646988828,20.584240982429296,0.006399920993593343,-7.291313037759574e7
1730.0,12.234496769792996,20.583803159683782,0.006398175019589327,-7.291295677023669e7
1740.0,12.234625710556163,20.583365639601013,0.0063964256835085396,-7.291278310898872e7
1750.0,12.234754439422993,20.582928395113306,0.006394673113838589,-7.291260939442576e7
1760.0,12.23488296361758,20.582491476385698,0.006392917391039963,-7.29124356271158e7
1770.0,12.235011312916374,20.58205484725822,0.006391158607755742,-7.291226180762097e7
1780.0,12.23513944466062,20.58161850228872,0.0063893968548252855,-7.291208793649752e7
1790.0,12.235267380560298,20.581183608675747,0.00638763221762351,-7.291191401429594e7
1800.0,12.235395129661978,20.580748999404086,0.006385872607640162,-7.291174004413055e7
1810.0,12.23552269414777,20.580314671819814,0.006384109841151053,-7.29115660272594e7
1820.0,12.23565010023697,20.579880631854273,0.006381722856455679,-7.291139196417174e7
1830.0,12.235777348912826,20.579446835402813,0.0063805585797201475,-7.291121785535628e7
1840.0,12.235904542644366,20.579013227506124,0.0063785627731591,-7.291104370129097e7
1850.0,12.236031515678638,20.57857994882647,0.006376877080760723,-7.291086950603966e7
1860.0,12.236158325577998,20.57814696217418,0.006375079536034167,-7.291069527012649e7
1870.0,12.236284899544291,20.5777142767112,0.006373311644957392,-7.291052099422358e7
1880.0,12.2364112842198,20.577281877826522,0.006371533609268769,-7.291034667873749e7
1890.0,12.236537494126225,20.576849757319426,0.006369757146940651,-7.29101723259166e7
1900.0,12.236658297951601,20.57642354025623,0.006366737616662638,-7.290999793632475e7
1910.0,12.236770560078927,20.57600671142603,0.006356764780581723,-7.290982351041989e7
1920.0,12.236876572728708,20.575596896009124,0.006354804026257184,-7.290964904857321e7
1930.0,12.236983010055784,20.575186850916275,0.006353179011807195,-7.290947455114624e7
1940.0,12.237089165747554,20.57477717334914,0.006351368010152019,-7.290930001849787e7
1950.0,12.237195073770955,20.574367831415568,0.006349630709645787,-7.290912545508505e7
1960.0,12.237300741552286,20.57395880754269,0.006347877095042559,-7.290895086144672e7
1970.0,12.23740621502891,20.573550107816274,0.006346115820821315,-7.29087762378854e7
1980.0,12.237511453946594,20.57314172782297,0.006344355596843116,-7.290860158470011e7
1990.0,12.237616453155363,20.572733681460967,0.006342589632651342,-7.290842690218629e7
2000.0,12.23772125239949,20.572325952740837,0.006340822215188653,-7.290825219097757e7
2010.0,12.237825835976533,20.57191855136239,0.006339051194802701,-7.290807745147021e7
2020.0,12.237930189572536,20.571511468339445,0.0063372769386916125,-7.290790268394771e7
2030.0,12.238034305917042,20.57110470678151,0.006335499462356379,-7.290772788869005e7
2040.0,12.238138204696748,20.57069826822724,0.006333721281585699,-7.29075530668128e7
2050.0,12.23824188257107,20.570292152316696,0.0063319401638431624,-7.290737821868508e7
2060.0,12.238345328713718,20.569886338936314,0.006330155907496877,-7.290720334456718e7
2070.0,12.238448553426114,20.569480845211615,0.006328368410080611,-7.290702844471616e7
2080.0,12.238551607890214,20.5690756625193,0.006326577718097754,-7.290685351938578e7
2090.0,12.238655026537026,20.568670346661605,0.006324396058747314,-7.290667856884825e7
2100.0,12.238758786185073,20.56826492946591,0.0063240263858063235,-7.290650359337777e7
2110.0,12.238862698055577,20.56785953575077,0.006321723819017356,-7.290632859321913e7
2120.0,12.238966321100895,20.56745453139407,0.006320107840744997,-7.29061535686152e7
2130.0,12.239069731507358,20.567049831205505,0.006318245774408316,-7.290597851980568e7
2140.0,12.239172930421367,20.566645434936802,0.006316465412036651,-7.290580344702727e7
2150.0,12.239275929442774,20.56624134673371,0.006314659370032161,-7.29056283505137e7
2160.0,12.239378694771657,20.565837587629147,0.00631285349550973,-7.290545323049568e7
2170.0,12.239481244155987,20.565434131291777,0.006311046220879299,-7.290527808720107e7
2180.0,12.239583600453216,20.56503097344057,0.006309234901718763,-7.290510292085476e7
2190.0,12.239685749688695,20.564628137355452,0.006307421650605215,-7.29049277316787e7
2200.0,12.239787678172686,20.5642256033818,0.006305605489552069,-7.290475251989207e7
2210.0,12.239889408659268,20.563823378074012,0.006303786860390415,-7.290457728571124e7
2220.0,12.239990918035927,20.563421463961603,0.006301965679904997,-7.290440202934971e7
2230.0,12.240092231721155,20.56301985265636,0.006300142017679979,-7.290422675101815e7
2240.0,12.240193344201007,20.5626185492857,0.006298315917692692,-7.290405145092466e7
2250.0,12.240294253133763,20.562217556640398,0.006296487413554731,-7.290387612927444e7
2260.0,12.24039495654348,20.561816854430834,0.006294657980880587,-7.29037007866212e7
2270.0,12.24049541861847,20.561416484454305,0.006292825996886477,-7.290352542321503e7
2280.0,12.240595697186059,20.561016397131475,0.006290991621362869,-7.290335003924632e7
2290.0,12.240695787612065,20.560616621135598,0.006289154880805052,-7.290317463490291e7
2300.0,12.24079565645109,20.56021714184528,0.006287315800626085,-7.290299921037005e7
2310.0,12.240895344168603,20.559817962678174,0.006285474428365301,-7.290282376583058e7
2320.0,12.240994831101805,20.55941907805291,0.006283552962135977,-7.290264830146472e7
2330.0,12.24109411013417,20.55902049062381,0.006281636218908885,-7.290247281745037e7
2340.0,12.2411932051786,20.558622206349185,0.0062797193536663675,-7.290229731396282e7
2350.0,12.241292024707892,20.558224282257978,0.0062776530827440315,-7.290212179117292e7
2360.0,12.241390610164881,20.55782667658334,0.006275801499014522,-7.290194624925129e7
2370.0,12.241488993866898,20.557429359526097,0.006273866276285313,-7.290177068836601e7
2380.0,12.241587202390388,20.557032339155878,0.006271965618550014,-7.290159510868283e7
2390.0,12.241685202359701,20.556635615197013,0.006270053807296034,-7.29014195103652e7
2400.0,12.24178300055311,20.556239185339145,0.006268146711221092,-7.290124389357413e7
2410.0,12.241880593079284,20.555843060812073,0.006266240088168766,-7.290106825846848e7
2420.0,12.24197798751713,20.555447248389857,0.006264334408044392,-7.290089260520475e7
2430.0,12.242075200597714,20.55505169936132,0.006262429896284181,-7.290071693393718e7
2440.0,12.242172231136491,20.554656453877186,0.006260526261878841,-7.29005412448178e7
2450.0,12.242269055546942,20.554261523416322,0.006258623601559809,-7.290036553799646e7
2460.0,12.242365676188031,20.553866867284537,0.0062567218235273885,-7.290018981362075e7
2470.0,12.242462102628705,20.553472518903586,0.006254820916061303,-7.290001407183614e7
2480.0,12.242558327850185,20.55307845523345,0.006252920837828807,-7.289983831278592e7
2490.0,12.24265437432958,20.552684687772324,0.006251021558158097,-7.289966253661124e7
2500.0,12.242750223547134,20.552291227246727,0.006249123048503418,-7.289948674345118e7
2510.0,12.242845884989048,20.551898046986697,0.006247225278140745,-7.289931093344271e7
2520.0,12.242941356221868,20.551505163323903,0.006245328217021373,-7.289913510672069e7
2530.0,12.24303661600188,20.551112563168633,0.006243431838524507,-7.289895926341796e7
2540.0,12.243131691799933,20.55072026749769,0.006241536119961825,-7.289878340366533e7
2550.0,12.243226579319247,20.550328244898814,0.0062396410281111234,-7.289860752759159e7
2560.0,12.2433212866814,20.549936516246255,0.0062377465469562535,-7.28984316353235e7
2570.0,12.243415825549635,20.549545077050407,0.006235852647028218,-7.289825572698586e7
2580.0,12.243510147497922,20.549153941653987,0.00623395930991715,-7.289807980270152e7
2590.0,12.243604301270604,20.548763089342152,0.006232066508705874,-7.289790386259139e7
2600.0,12.243698251218955,20.548372519128026,0.006230174226445455,-7.289772790677443e7
2610.0,12.24379200816783,20.547982244998916,0.006228282440894275,-7.289755193536772e7
2620.0,12.24388560176393,20.547592245880118,0.006226391134358386,-7.289737594848643e7
2630.0,12.243979029808077,20.5472025540239,0.0062245002867793746,-7.289719994624387e7
2640.0,12.244072239051459,20.546813142848215,0.0062226098790723276,-7.289702392875142e7
2650.0,12.244165271594312,20.546424026823363,0.006220719897305563,-7.289684789611878e7
2660.0,12.244258110893396,20.546035175426248,0.006218830320532652,-7.289667184845367e7
2670.0,12.244350755516308,20.545646623513196,0.006216941136702039,-7.289649578586209e7
2680.0,12.244443235171737,20.54525836855805,0.006215052326961946,-7.289631970844823e7
2690.0,12.244535633470989,20.544870328575215,0.006212567698541547,-7.289614361631891e7
2700.0,12.244630439040757,20.544480686031406,0.0062120916431543435,-7.289596750976741e7
2710.0,12.244725594939203,20.544090924011424,0.006208529529720656,-7.289579138895184e7
2720.0,12.24482028068471,20.543701694728977,0.00620748984664044,-7.289561525416674e7
2730.0,12.244914812374395,20.543312734365852,0.006205237870785402,-7.289543910579476e7
2740.0,12.245009177834755,20.542924066481277,0.006203530893574353,-7.289526294393106e7
2750.0,12.24510336794454,20.542535661446365,0.006201623923575206,-7.289508676866896e7
2760.0,12.245197351540499,20.54214757340614,0.006199772953703919,-7.289491058010016e7
2770.0,12.245291170689734,20.541759782036113,0.006197913576707115,-7.289473437831473e7
2780.0,12.245384803728035,20.541372250241462,0.006196052206108988,-7.289455816340126e7
2790.0,12.245478271887547,20.540985031431124,0.00619419383899138,-7.28943819354465e7
2800.0,12.245571669593282,20.54059817247009,0.006192429079939429,-7.289420569453585e7
2810.0,12.245664892613128,20.540211623465233,0.006190460909387863,-7.289402944075313e7
2820.0,12.245757813464987,20.5398254892977,0.006188619842977529,-7.289385317418055e7
2830.0,12.245850569842926,20.539439605943567,0.006186756180764303,-7.289367689489871e7
2840.0,12.245943157234843,20.53905403490612,0.0061848994757593735,-7.289350060298678e7
2850.0,12.246035568889452,20.538668726803795,0.00618304065432631,-7.289332429852244e7
2860.0,12.246127795540042,20.538283733359634,0.006181182574573733,-7.289314798158185e7
2870.0,12.246219850800285,20.53789899449617,0.006179324595950932,-7.289297165223967e7
2880.0,12.246311709707472,20.537514555241845,0.006177466713018426,-7.28927953105691e7
2890.0,12.24640341137305,20.537130384369362,0.006175609014407987,-7.289261895664193e7
2900.0,12.246494926953716,20.536746509437396,0.006173751424240529,-7.289244259052841e7
2910.0,12.246586266802812,20.53636291924562,0.00617189613080514,-7.289226621306723e7
2920.0,12.246677427256087,20.535979629469296,0.006170045502369321,-7.289208982628119e7
2930.0,12.246768411330665,20.535596585221693,0.006168192536047365,-7.289191343020628e7
2940.0,12.246859231395039,20.53521382109835,0.006166339474391283,-7.289173702487719e7
2950.0,12.246949864253244,20.534831347971572,0.006164485870189771,-7.289156061032723e7
2960.0,12.247041698467811,20.534447746429908,0.006172225205711867,-7.28913841872439e7
2970.0,12.247113663894469,20.53408493027628,0.006146562489043573,-7.289120775703873e7
2980.0,12.247160541990233,20.533749551371848,0.006145816213682646,-7.28910313197976e7
2990.0,12.247203081163295,20.53341733526568,0.00618914910565139,-7.289085487555315e7
3000.0,12.247244855205105,20.53308543957059,0.006230612992529575,-7.289067842432885e7
3010.0,12.247293995047015,20.53274827975281,0.006219542938406685,-7.289050196470155e7
3020.0,12.247341955539852,20.532412162308514,0.0062186145041298576,-7.289032549583274e7
3030.0,12.247389850933827,20.532076253151658,0.006217319197875063,-7.289014901776576e7
3040.0,12.24743757809444,20.53174057555742,0.006214927132742891,-7.288997253054257e7
3050.0,12.247485127009194,20.531405216083638,0.006213344292618806,-7.288979603420426e7
3060.0,12.24753252701842,20.53107010953883,0.006211367475595957,-7.288961952879053e7
3070.0,12.24757972558527,20.53073531972055,0.006209542239862881,-7.288944301434001e7
3080.0,12.247626743095227,20.53040077501032,0.006207671980367484,-7.288926649089012e7
3090.0,12.247673588238976,20.53006724947407,0.006205811159265007,-7.2889089958477e7
3100.0,12.247720291743487,20.529736352789286,0.006203951291846792,-7.288891341713575e7
3110.0,12.247766804761216,20.529405744174376,0.006202090219355979,-7.288873686690027e7
3120.0,12.247813169253751,20.5290754064856,0.006200230640602469,-7.288856030780332e7
3130.0,12.247859351705637,20.528745364046816,0.00619837102214478,-7.288838373987655e7
3140.0,12.247905374145635,20.52841560764747,0.006196512007312045,-7.288820716315041e7
3150.0,12.247951223573706,20.528086133683633,0.006194653371765671,-7.288803057765433e7
3160.0,12.24799691967254,20.527756915969725,0.00619279516591868,-7.288785398341656e7
3170.0,12.248042452690616,20.52742800525843,0.0061909373814366675,-7.288767738046426e7
3180.0,12.248087813001218,20.527099376126806,0.0061890800058867265,-7.28875007688235e7
3190.0,12.24813299873565,20.526771029380576,0.006187223041376416,-7.288732414851929e7
3200.0,12.248182864867186,20.526439089526797,0.006164458742995942,-7.288714752056149e7
3210.0,12.248231742123322,20.52610816170073,0.00617439493592589,-7.288697088612224e7
3220.0,12.24828125070106,20.52577727493683,0.006167419530010864,-7.288679424526578e7
3230.0,12.24832956364011,20.525447511802362,0.006168494549574419,-7.288661759805818e7
3240.0,12.248377951151731,20.52511790804578,0.006166932642167225,-7.288644094456282e7
3250.0,12.248426139817404,20.524788681350635,0.006165971724030087,-7.288626428484339e7
3260.0,12.248474167363828,20.5244598155282,0.006164974921783079,-7.288608761896262e7
3270.0,12.24852200629103,20.52413127635218,0.006163918038093214,-7.288591094698267e7
3280.0,12.248569675523687,20.523803099484624,0.0061629096005726735,-7.288573426896496e7
3290.0,12.248617181473609,20.523475272533798,0.0061618784195648976,-7.288555758497037e7
3300.0,12.248664519611939,20.523147793565464,0.0061608572738829255,-7.28853808950591e7
3310.0,12.248711690263985,20.522820662186113,0.006159834174229178,-7.288520419929065e7
3320.0,12.248758700283275,20.52249388425238,0.006158812515746544,-7.288502749772395e7
3330.0,12.248805520395944,20.522167450310732,0.006157791734073387,-7.288485079041737e7
3340.0,12.248852186790264,20.521841370892503,0.0061567717217593755,-7.288467407742852e7
3350.0,12.248898695102481,20.521515641664376,0.006155752638233373,-7.28844973588145e7
3360.0,12.248945044732858,20.521190252204182,0.006154734391776898,-7.288432063463177e7
3370.0,12.248991202478619,20.52086521969621,0.0061537210701129025,-7.288414390653226e7
3380.0,12.249037225415536,20.520540494454323,0.006152722789317516,-7.288396717463054e7
3390.0,12.249083152144634,20.520216075814805,0.006151724781338329,-7.288379043895948e7
3400.0,12.249129176838137,20.51989181319864,0.006145193718833821,-7.288361369961534e7
3410.0,12.249175306910324,20.51956772615808,0.006149415670511577,-7.288343695688695e7
3420.0,12.249222436810019,20.519243127830773,0.006146635124655176,-7.288326021079977e7
3430.0,12.249269286286456,20.518918967047618,0.006146260748375963,-7.288308346138805e7
3440.0,12.249316059271296,20.51859510577553,0.006145066888042729,-7.288290670868577e7
3450.0,12.24936267403209,20.518271558813826,0.006144129089581883,-7.288272995272663e7
3460.0,12.24940916596299,20.51794828691439,0.006143138128546238,-7.288255319354375e7
3470.0,12.249472233979503,20.517611859374057,0.006058382547422591,-7.288237643546794e7
3480.0,12.249531081737263,20.517279431943603,0.006105501719032933,-7.288219968373422e7
3490.0,12.249593009017962,20.51694656467921,0.006084843095541538,-7.288202293855384e7
3500.0,12.249650837094793,20.516617305940613,0.006094593659628251,-7.288184620007594e7
3510.0,12.249709206158842,20.516288019328968,0.0060950590621899605,-7.288166946843883e7
3520.0,12.24976730602071,20.5159594263352,0.0060973651506667625,-7.28814927437832e7
3530.0,12.249825243785525,20.515631448810236,0.0060996876255739125,-7.28813160262485e7
3540.0,12.249883003071036,20.5153040304279,0.0061016987120635375,-7.288113931597349e7
3550.0,12.249940572701489,20.514977227048547,0.006103887594337067,-7.288096261309646e7
3560.0,12.249997939128898,20.51465104181215,0.006105966426534683,-7.288078591775495e7
3570.0,12.25005513902977,20.51432545728369,0.006108060895656196,-7.288060923008597e7
3580.0,12.250112144570565,20.51400044596532,0.00611012760147611,-7.288043255022585e7
3590.0,12.250168876777378,20.513676135602612,0.0061129175071541215,-7.288025588054088e7
3600.0,12.250225278182812,20.513352570685598,0.006117086329168344,-7.28800792261824e7
3610.0,12.250281550277554,20.51302964339586,0.006120693558506098,-7.287990258725487e7
3620.0,12.250337580251907,20.51270744359542,0.006124418067233164,-7.287972596386217e7
3630.0,12.250393417786144,20.512385930039553,0.006128099562639488,-7.287954935610752e7
3640.0,12.250449032902017,20.512065134548244,0.00613174764229412,-7.287937276409362e7
3650.0,12.250504464276965,20.511745019455866,0.0061353788595854865,-7.287919618792255e7
3660.0,12.250559673864469,20.51142561171878,0.006138980965190703,-7.287901962769566e7
3670.0,12.250614674838761,20.511106892165785,0.006142560355519445,-7.287884308351395e7
3680.0,12.250669487143002,20.510788848777683,0.006146114858606131,-7.28786665554776e7
3690.0,12.250724090808099,20.510471517218036,0.006149645425193758,-7.28784900436863e7
3700.0,12.250778514255112,20.510154885493524,0.006153152121481145,-7.287831354823907e7
3710.0,12.25083271598931,20.509838930610037,0.0061566351593841835,-7.287813706923443e7
3720.0,12.250886717610918,20.509523692585606,0.00616009477405137,-7.287796060677023e7
3730.0,12.25094053705545,20.50920912615441,0.0061635311583646156,-7.287778416094378e7
3740.0,12.250994163298865,20.508895265748595,0.006166944524419239,-7.287760773185173e7
3750.0,12.251047592746545,20.508582079759663,0.006170335073739738,-7.287743131959021e7
3760.0,12.251100822874651,20.50826960606237,0.006173703007943062,-7.287725492425473e7
3770.0,12.251153883547731,20.507957814678477,0.006177048524386545,-7.287707854594019e7
3780.0,12.2512092640152,20.507644598045076,0.006160231164674345,-7.287690218561023e7
3790.0,12.251264262808784,20.507332416790568,0.006178097877809767,-7.287672584476414e7
3800.0,12.251320065829612,20.50702077482007,0.006174425916718505,-7.287654952352643e7
3810.0,12.251374347433888,20.50671089920441,0.006182416730261655,-7.287637322199471e7
3820.0,12.251428627422673,20.5064016248398,0.006187080748194164,-7.287619694026142e7
3830.0,12.25148267110672,20.50609314354983,0.006192494164621175,-7.28760206784193e7
3840.0,12.251536540796113,20.505785393086963,0.006197794435520819,-7.287584443656011e7
3850.0,12.251590190196767,20.5054784170907,0.0062029972292600615,-7.287566821477494e7
3860.0,12.251643599713951,20.50517222412814,0.006208220084055856,-7.28754920131542e7
3870.0,12.251696796734903,20.504866801045633,0.006213379941712965,-7.287531583178756e7
3880.0,12.251749802139637,20.504562114048355,0.006218517086795605,-7.28751396707641e7
3890.0,12.251802593079253,20.504258202276525,0.006223616790251121,-7.287496353017211e7
3900.0,12.251855152432398,20.503955065104975,0.006227475999545813,-7.287478741010512e7
3910.0,12.251907084326938,20.503653055278733,0.006236395547152829,-7.287461131983896e7
3920.0,12.251958450343484,20.503352290586616,0.006248946888586662,-7.287443527598928e7
3930.0,12.25200969193269,20.50305251914507,0.0062599067390373235,-7.287425927836327e7
3940.0,12.252060578547676,20.502753935877205,0.00627113812410194,-7.287408332676892e7
3950.0,12.252111144958361,20.502456492507108,0.006282219756647926,-7.287390742101559e7
3960.0,12.25216137773314,20.502160198038286,0.006293174012641328,-7.287373156091411e7
3970.0,12.252211295374753,20.501865029079465,0.006304044616524811,-7.287355574627681e7
3980.0,12.252260896253668,20.501571013044348,0.006314800552276333,-7.28733799769176e7
3990.0,12.252310179228699,20.501278118207257,0.006325458923639183,-7.28732042526516e7
4000.0,12.252359165399998,20.500986358222107,0.0063360145941209105,-7.287302857329564e7
4010.0,12.25240785902725,20.500695720609656,0.006346470583946945,-7.287285293866774e7
4020.0,12.252456233190772,20.500406223097993,0.006356827570703445,-7.287267734858742e7
4030.0,12.252504325693039,20.50011785487392,0.006367086603757976,-7.287250180287552e7
4040.0,12.252552098693357,20.49983058760101,0.0063772487936529475,-7.287232630135424e7
4050.0,12.252599588525289,20.499544460524717,0.006387315124898171,-7.287215084384707e7
4060.0,12.252646783093557,20.499259467868736,0.006397286632639924,-7.287197543017876e7
4070.0,12.252693697602618,20.498975564392556,0.006407164301469495,-7.287180006017548e7
4080.0,12.252740323358264,20.498692775110136,0.00641694912248057,-7.287162473366453e7
4090.0,12.252786674966556,20.498411113211827,0.006426642057905936,-7.287144945047455e7
4100.0,12.252832732480725,20.498130556540506,0.006436244065408641,-7.28712742104353e7
4110.0,12.252878517722978,20.497851099951802,0.006445756080807981,-7.287109901337788e7
4120.0,12.252924016730809,20.49757273007223,0.006455179035829735,-7.28709238591344e7
4130.0,12.252969254308319,20.49729548978683,0.006464513839300644,-7.28707487475383e7
4140.0,12.253014225521538,20.497019331028767,0.0064737638658831,-7.287057367931704e7
4150.0,12.253058925061785,20.496744215990994,0.006483032836255918,-7.287039865442044e7
4160.0,12.253102072076372,20.49646588729463,0.006486994096369533,-7.287022367290834e7
4170.0,12.253144247445652,20.496184745927078,0.0064959496703035635,-7.28700487346578e7
4180.0,12.253186351401316,20.495904703179185,0.006505065360370599,-7.28698738394997e7
4190.0,12.253228202789856,20.495625718611777,0.006513818287431262,-7.286969898726584e7
4200.0,12.253269787397704,20.4953478258277,0.006522594506989141,-7.286952417778932e7
4210.0,12.253311098703442,20.4950709869082,0.006531261563831867,-7.286934941090411e7
4220.0,12.253352188885508,20.49479519567252,0.006539533921367764,-7.286917468645017e7
4230.0,12.253393125292982,20.494520410254488,0.006548013747141972,-7.286900000429891e7
4240.0,12.253433804415446,20.49424668672869,0.0065563898819563276,-7.286882536430198e7
4250.0,12.253474199471409,20.493974044589297,0.006564783368891167,-7.286865076629736e7
4260.0,12.253514337116977,20.493702442821547,0.006573045361208847,-7.286847621012424e7
4270.0,12.253554231647497,20.493431906846595,0.006581258987299603,-7.286830169562294e7
4280.0,12.25359389458592,20.493162424050094,0.006589385139792036,-7.286812722263458e7
4290.0,12.253633285034374,20.492894026445295,0.006597439440621982,-7.28679527910014e7
4300.0,12.253672448219403,20.492626630555705,0.0066054183774305695,-7.28677784005665e7
4310.0,12.253711344827794,20.492360304531214,0.006613323364347065,-7.286760405117391e7
4320.0,12.253750006392407,20.492095017771195,0.006621155932282112,-7.286742974285647e7
4330.0,12.253788407261386,20.491830797126894,0.006628921188393992,-7.286725547648539e7
4340.0,12.253826616947979,20.49156757430151,0.0066366226606961775,-7.28670812518908e7
4350.0,12.253864612305737,20.491305330570633,0.006644251798808991,-7.28669070689039e7
4360.0,12.253902415962523,20.491044100166874,0.006651809823450474,-7.28667329273568e7
4370.0,12.253940020109507,20.490783882162237,0.006659297600545381,-7.286655882708259e7
4380.0,12.253977425948344,20.490524614174483,0.006666733683454799,-7.286638477503674e7
4390.0,12.254014473890939,20.490266538936574,0.006674013627900602,-7.286621077106528e7
4400.0,12.254050942140776,20.490009866199916,0.006682396717407601,-7.286603681843136e7
4410.0,12.254086954468567,20.48975453409627,0.0066903164359853485,-7.286586291695854e7
4420.0,12.254122464758918,20.489500563712888,0.006698232786816596,-7.286568906635234e7
4430.0,12.254157480420185,20.48924798609028,0.0067060559165404154,-7.286551526632026e7
4440.0,12.25419198213427,20.488996789009832,0.006713783450505676,-7.286534151657178e7
4450.0,12.254225991658693,20.488746943386907,0.006721430882178564,-7.286516781681837e7
4460.0,12.254259492859699,20.488498480197077,0.0067289893896089,-7.286499416677345e7
4470.0,12.254292483222702,20.48825138394691,0.0067364642436099,-7.286482056615224e7
4480.0,12.254324965879917,20.48800565318679,0.006743854565961312,-7.286464701467197e7
4490.0,12.254356944788485,20.48776130426971,0.006751161603855573,-7.286447351205166e7
4500.0,12.254388403548234,20.487518342812645,0.006758386036103743,-7.286430005801213e7
4510.0,12.254419360632603,20.487276751325556,0.006765528599856365,-7.286412665227601e7
4520.0,12.25444980789261,20.48703651245747,0.006772590049520824,-7.286395329456769e7
4530.0,12.254479730002794,20.486797680426097,0.0067795711119898365,-7.286377998461334e7
4540.0,12.254509124776648,20.486560195566636,0.006786472505558358,-7.286360672214079e7
4550.0,12.254538003326992,20.48632410478066,0.006793294940958837,-7.28634335068796e7
4560.0,12.254566357652905,20.48608939603746,0.0068000391175131,-7.286326033856095e7
4570.0,12.25459419728913,20.48585604540953,0.006806705729869947,-7.28630872169177e7
4580.0,12.25462149280345,20.485623969318723,0.006813295457986371,-7.286291414168428e7
4590.0,12.254648283851601,20.485393254654092,0.006819808976188332,-7.286274111259674e7
4600.0,12.254674499993856,20.485163927364027,0.006826246947249836,-7.286256812939271e7
4610.0,12.25470020347318,20.484935990098005,0.006832610028595172,-7.28623951918113e7
4620.0,12.254725366369518,20.484709432844475,0.006838898865253109,-7.286222229959318e7
4630.0,12.254749952969068,20.484484279886033,0.006845114098414503,-7.286204945248051e7
4640.0,12.254773968827543,20.48426056479796,0.006851256354604933,-7.286187665021686e7
4650.0,12.254797446244623,20.484038205082157,0.006857326257894293,-7.286170389254737e7
4660.0,12.254820347600457,20.483817285157667,0.006863324420184123,-7.286153117921847e7
4670.0,12.25484268718033,20.48359777989917,0.0068692514481838475,-7.286135850997807e7
4680.0,12.254864437382622,20.483379685144172,0.006875107939508936,-7.28611858845754e7
4690.0,12.254885618837887,20.48316299658187,0.006880894482157999,-7.286101330276112e7
4700.0,12.254906229821811,20.482947707893235,0.006886611660244165,-7.286084076428719e7
4710.0,12.25492624712466,20.482733852650554,0.006892260048556411,-7.286066826890683e7
4720.0,12.25494569855703,20.4825214130363,0.006897840210317534,-7.286049581637466e7
4730.0,12.254964546498353,20.48231040606531,0.006903352710043625,-7.286032340644646e7
4740.0,12.25498283252637,20.48210080975377,0.006908798094881038,-7.286015103887929e7
4750.0,12.255000505342807,20.48189264029913,0.006914176916693826,-7.285997871343152e7
4760.0,12.255017566700236,20.481685897483615,0.006919489706612856,-7.28598064298626e7
4770.0,12.255034039949441,20.481480558098525,0.006924737000058817,-7.285963418793327e7
4780.0,12.255049909888907,20.481276658673025,0.006929919318001122,-7.285946198740536e7
4790.0,12.255065174521462,20.481074192831272,0.006935037177558989,-7.285928982804191e7
4800.0,12.255079816508603,20.4808731697263,0.006940091094970222,-7.285911770960705e7
4810.0,12.255093851386937,20.480673552846294,0.00694508156898936,-7.285894563186604e7
4820.0,12.255107266506048,20.48047538987425,0.0069500090951666715,-7.285877359458515e7
4830.0,12.255120077361715,20.480278669338922,0.006954874167580628,-7.285860159753184e7
4840.0,12.255132268981693,20.480083369224534,0.006959677271455312,-7.285842964047456e7
4850.0,12.255144372411808,20.479887565810127,0.006923007864069402,-7.285825772389485e7
4860.0,12.255158875911249,20.47969097890207,0.006972870185284619,-7.285808585156189e7
4870.0,12.255173382657809,20.47949828041219,0.006953043934594111,-7.285791402353036e7
4880.0,12.255183273247445,20.47930999584173,0.006969058346407013,-7.285774223955545e7
4890.0,12.255181843650638,20.479134780563804,0.006966682909581844,-7.28575704996739e7
4900.0,12.255170024931552,20.478971773926208,0.006973383037108036,-7.285739880365704e7
4910.0,12.255157851407805,20.478810317197738,0.006979369366072966,-7.285722715124916e7
4920.0,12.255145371472093,20.478650131354886,0.006985066444832914,-7.28570555421971e7
4930.0,12.255132524657157,20.478491217571545,0.006990878119811418,-7.285688397624929e7
4940.0,12.255119327623461,20.478333594833757,0.006996513367552108,-7.28567124531558e7
4950.0,12.255105766876547,20.478177227835907,0.007002114320380505,-7.285654097266828e7
4960.0,12.255091853023961,20.478022153656397,0.007007626423267695,-7.285636953453995e7
4970.0,12.255077556032496,20.47786836422059,0.0070130678337908215,-7.285619813852562e7
4980.0,12.255062932564115,20.477715842202187,0.007018435364310001,-7.285602678438145e7
4990.0,12.255047922662689,20.477564610120236,0.007023729792764709,-7.285585547186525e7
5000.0,12.255032563819306,20.47741463130787,0.007028952286294156,-7.285568420073624e7
5010.0,12.25501683656605,20.477265914722675,0.007034103160054622,-7.285551297075495e7
5020.0,12.255000731195713,20.477118485743567,0.007039183228109439,-7.285534178168346e7
5030.0,12.254984261594155,20.47697229798164,0.007044193066185787,-7.28551706332851e7
5040.0,12.254967451114002,20.47682736490742,0.007049133327719046,-7.285499952532463e7
5050.0,12.254950265718225,20.476683722433773,0.0070540046246803795,-7.28548284575681e7
5060.0,12.254932707018325,20.476541327686565,0.0070588075717139785,-7.285465742978276e7
5070.0,12.254914765201734,20.476400195742055,0.007063542768859891,-7.285448644173726e7
5080.0,12.254896468545486,20.47626031851969,0.007068210806852936,-7.285431549320145e7
5090.0,12.254877793750339,20.47612169371074,0.007072812268451456,-7.285414458394623e7
5100.0,12.25485876064528,20.475984310399266,0.007077347726263905,-7.285397371374394e7
5110.0,12.254839337635143,20.47584817927343,0.0070818177442451185,-7.285380288236791e7
5120.0,12.254819556482607,20.47571328562926,0.007086222877808826,-7.285363208959265e7
5130.0,12.254799401101595,20.475579666187002,0.007090563673342068,-7.28534613351938e7
5140.0,12.254778876250985,20.475447278659736,0.007094840670885012,-7.285329061894804e7
5150.0,12.254757932016616,20.47531615394183,0.007099054389558927,-7.285311994063315e7
5160.0,12.254736643506027,20.47518626260512,0.007103205360743878,-7.28529493000279e7
5170.0,12.254714953477883,20.47505761325001,0.00710729408916549,-7.285277869691215e7
5180.0,12.254692887166222,20.47493020454512,0.00711132108244823,-7.285260813106667e7
5190.0,12.25467045584497,20.47480405393384,0.00711528683570131,-7.285243760227323e7
5200.0,12.254647619551225,20.47467911935969,0.007119191832428938,-7.28522671103145e7
5210.0,12.254624401983667,20.47455544339773,0.007123036555919138,-7.285209665497415e7
5220.0,12.254600810068016,20.474432990257156,0.00712682147208207,-7.285192623603663e7
5230.0,12.254576812286215,20.474311759316752,0.007130547049163745,-7.285175585328735e7
5240.0,12.254552423212681,20.474191769090652,0.007134213740894436,-7.285158550651255e7
5250.0,12.254527670686086,20.474073002909936,0.007137821999162503,-7.285141519549921e7
5260.0,12.254502521593054,20.473955464215692,0.007141372256594053,-7.28512449200352e7
5270.0,12.254477002195655,20.473839127018707,0.007144864952247328,-7.285107467990915e7
5280.0,12.25445106194481,20.47372405443046,0.007148300507601262,-7.285090447491041e7
5290.0,12.254424732664098,20.47361019550524,0.007151679345921432,-7.285073430482905e7
5300.0,12.254398003837338,20.47349757386164,0.007155001870295196,-7.285056416945589e7
5310.0,12.254370892984484,20.473386161122598,0.007158268489099953,-7.28503940685824e7
5320.0,12.25434337467858,20.473275961239654,0.007165035253640276,-7.285022400200072e7
5330.0,12.254315456070701,20.473166986593117,0.0071723640130504605,-7.285005396950364e7
5340.0,12.254287113497211,20.473059221584865,0.0071796045472606925,-7.284988397088452e7
5350.0,12.254258395536556,20.472952679152407,0.007186757724163016,-7.284971400593731e7
5360.0,12.254229254477673,20.472847347577016,0.0071938243961645245,-7.284954407445662e7
5370.0,12.254199704155047,20.47274323214065,0.007200805410588772,-7.284937417623748e7
5380.0,12.25416976483667,20.472640315792653,0.007207701598779826,-7.28492043110755e7
5390.0,12.25413944557201,20.472538623322436,0.007214513778536829,-7.28490344787668e7
5400.0,12.254108701654935,20.472438142132287,0.00722124276330652,-7.28488646791079e7
5410.0,12.254077549026999,20.472338854654932,0.007227889347619138,-7.284869491189592e7
5420.0,12.254046004200436,20.472240757878435,0.007234454320304654,-7.284852517692825e7
5430.0,12.254014026718375,20.472143881612915,0.007240938459854228,-7.284835547400273e7
5440.0,12.25398165406154,20.472048219272036,0.007247342533752518,-7.284818580291764e7
5450.0,12.25394886981281,20.471953730156653,0.007253667295720795,-7.284801616347156e7
5460.0,12.253915672444842,20.4718604377584,0.00725991350052741,-7.28478465548817e7
5470.0,12.253882061881187,20.471768352539026,0.007266082005572492,-7.28476769762648e7
5480.0,12.253848028742512,20.471677469422584,0.0072721736289090635,-7.284750742742924e7
5490.0,12.253813578153874,20.471587786143246,0.0072781890477778,-7.284733790818392e7
5500.0,12.253778726114351,20.47149959200792,0.007284128973697518,-7.284716841833769e7
5510.0,12.25374344147342,20.47141259367079,0.0072899941029681324,-7.284699895769991e7
5520.0,12.253707757504891,20.471326811643298,0.007295785124132344,-7.284682952608003e7
5530.0,12.253671635890239,20.47124217894722,0.007301502721796648,-7.284666012328768e7
5540.0,12.253635126808472,20.471158751439265,0.007307147564452982,-7.284649074913275e7
5550.0,12.253598183102877,20.47107648038698,0.0073127203145394734,-7.284632140342517e7
5560.0,12.253560804567277,20.470995413290247,0.007318221626080514,-7.28461520859751e7
5570.0,12.25352302102748,20.470915513058696,0.007323652144633978,-7.284598279659268e7
5580.0,12.253484808238666,20.470836782393473,0.007329012503783919,-7.284581353508827e7
5590.0,12.253446178515787,20.470759217642584,0.007334303333962723,-7.284564430127215e7
5600.0,12.25340713357128,20.470682821135135,0.007339525246464371,-7.284547509495476e7
5610.0,12.253367667659546,20.47060759147152,0.007344678878094077,-7.284530591594642e7
5620.0,12.253316619695411,20.47054530067292,0.007349744489654253,-7.284513676437825e7
5630.0,12.25326045381907,20.470489294105487,0.007354782296222999,-7.284496764024231e7
5640.0,12.253201859484017,20.47043670453224,0.007359751494549452,-7.284479854336867e7
5650.0,12.253142054060719,20.470386175066217,0.007364644775829843,-7.284462947358914e7
5660.0,12.253080918545031,20.470337753827845,0.007369475354774132,-7.284446043073581e7
5670.0,12.253018465640235,20.470291478084864,0.007374241480713208,-7.284429141464111e7
5680.0,12.252954674074939,20.47024733212635,0.0073789438983928105,-7.284412242513765e7
5690.0,12.252889498639833,20.470205335718507,0.007383583094904221,-7.284395346205847e7
5700.0,12.252822963103299,20.4701655030416,0.0073881596623291265,-7.284378452523686e7
5710.0,12.252755042858634,20.47012787861459,0.007392674135096319,-7.284361561450619e7
5720.0,12.25268569797182,20.4700924475574,0.007397127042600905,-7.284344672970016e7
5730.0,12.25261492659811,20.47005922584035,0.007401518918536914,-7.284327787065277e7
5740.0,12.25254272485954,20.47002824256283,0.007405850282266804,-7.284310903719811e7
5750.0,12.252469047673044,20.469999499703544,0.007410121647211188,-7.28429402291705e7
5760.0,12.25239390218479,20.469973045822886,0.007414333519241826,-7.284277144640437e7
5770.0,12.252317266689872,20.469948853672193,0.007418486398286383,-7.284260268873435e7
5780.0,12.252239119667577,20.469926942356338,0.007422580779244644,-7.284243395599519e7
5790.0,12.252159467443038,20.469907361307904,0.00742661714494339,-7.284226524802178e7
5800.0,12.252078236111213,20.469890103708583,0.007430595975486213,-7.284209656464906e7
5810.0,12.251995437409695,20.469875208394377,0.007434517745452165,-7.284192790571208e7
5820.0,12.251911023754221,20.469862668976724,0.007438382917676216,-7.284175927104592e7
5830.0,12.251825022260713,20.469852513443715,0.00744219195204463,-7.284159066048583e7
5840.0,12.251737398187005,20.46984477239931,0.007445945302933742,-7.2841422073867e7
5850.0,12.251648130259305,20.469839464172814,0.007449643415353629,-7.284125351102452e7
5860.0,12.251557182144337,20.469836601263054,0.007453286728942413,-7.28410849717937e7
5870.0,12.25146453788836,20.46983618628263,0.007456875675632666,-7.28409164560097e7
5880.0,12.25137020269763,20.469838276877038,0.007460410683290334,-7.28407479635077e7
5890.0,12.251274106272543,20.469842863418364,0.007463892173349953,-7.284057949412273e7
5900.0,12.251176249455199,20.469849970752048,0.007467320557991589,-7.284041104768987e7
5910.0,12.251076604191159,20.46985963719277,0.007470696246417074,-7.284024262404402e7
5920.0,12.250975142695932,20.469871891258286,0.007474019639726041,-7.284007422301999e7
5930.0,12.25087188056339,20.46988672758086,0.007477291133351572,-7.283990584445247e7
5940.0,12.250766739305673,20.469904176303036,0.007480511114853395,-7.283973748817602e7
5950.0,12.250659745929605,20.46992427348575,0.0074836799704460005,-7.2839569154025e7
5960.0,12.250550850975918,20.46994703219143,0.007486798074674477,-7.28394008418336e7
5970.0,12.250440008629012,20.469972491863544,0.007489865800605488,-7.283923255143578e7
5980.0,12.250327226807315,20.470000695037868,0.007492883509653028,-7.283906428266528e7
5990.0,12.250212460162246,20.470031626638434,0.00749585156315523,-7.283889603535569e7
6000.0,12.250095678411991,20.47006535298577,0.007498770312968988,-7.283872780934018e7
6010.0,12.249976872304115,20.470101853205318,0.00750164010414817,-7.283855960445169e7
6020.0,12.249856000985035,20.470141164194356,0.00750446127904535,-7.283839142052288e7
6030.0,12.24973305685489,20.470183343483995,0.007507234171964426,-7.283822325738607e7
6040.0,12.24960799388238,20.470228393239477,0.007509959109794649,-7.283805511487319e7
6050.0,12.249480756957604,20.47027636104463,0.007512636415998241,-7.283788699281588e7
6060.0,12.249351350854292,20.470327272156105,0.007515266407246842,-7.283771889104527e7
6070.0,12.249219728609145,20.470381138419334,0.007517849392712937,-7.28375508093922e7
6080.0,12.249085889382997,20.47043801300353,0.007520385676033643,-7.28373827476869e7
6090.0,12.248949771174752,20.470497907694327,0.007522875557692232,-7.283721470575935e7
6100.0,12.248811349692007,20.47056085314489,0.007525319328538553,-7.283704668343882e7
6110.0,12.248670594034868,20.470626927059993,0.007527717274308161,-7.283687868055424e7
6120.0,12.248527475506254,20.470696118641907,0.007530069675283767,-7.283671069693388e7
6130.0,12.248381705610857,20.470768115386164,0.0075323746822921886,-7.283654273240556e7
6140.0,12.248233348443666,20.470843782445552,0.007534640161768765,-7.283637478679639e7
6150.0,12.248082579085246,20.470922393545944,0.0075368569457934,-7.283620685993291e7
6160.0,12.24792951803195,20.471004072498292,0.007539029726912314,-7.283603895164102e7
6170.0,12.247774017637385,20.471088978687174,0.007541157683861411,-7.2835871061746e7
6180.0,12.247615928166057,20.471177222069056,0.007543242583142979,-7.283570319007233e7
6190.0,12.247455220404971,20.471268863677878,0.007545283444141872,-7.283553533644389e7
6200.0,12.246559252228167,20.47210839652041,0.007534586596098276,-7.283536880513297e7
6210.0,12.248592840053437,20.47001787694161,0.007536308180807991,-7.283519473867461e7
6220.0,12.250274343894041,20.468294639799748,0.0075484592637986275,-7.283502070608504e7
6230.0,12.250087595403993,20.46851823811609,0.007535914588761544,-7.283484670623706e7
6240.0,12.24990580953347,20.468742368610425,0.007545267447700135,-7.283467273902889e7
6250.0,12.249726716196543,20.468965271698917,0.007544557069830756,-7.28344988042952e7
6260.0,12.249542947744882,20.46919370976116,0.007547003083708406,-7.283432490189491e7
6270.0,12.249356091733926,20.46942549362236,0.007548629537781077,-7.283415103263946e7
6280.0,12.249165875631013,20.469660530869042,0.007550198812356281,-7.28339771967392e7
6290.0,12.248972481379127,20.46989899627343,0.00755193241194519,-7.283380339405142e7
6300.0,12.24877563287283,20.470141747716287,0.007553544203468706,-7.283362962443174e7
6310.0,12.248575094768855,20.470388898191114,0.00755512976104563,-7.283345588773693e7
6320.0,12.24837086239517,20.470640497367192,0.007556667349634009,-7.283328218382502e7
6330.0,12.248162869693994,20.470896552884316,0.00755816393139189,-7.283310851255517e7
6340.0,12.247951101635596,20.471157152776218,0.007559617119516715,-7.28329348737878e7
6350.0,12.247735488109246,20.47142230938936,0.007561027628826135,-7.283276126738468e7
6360.0,12.247515969119805,20.471692131445046,0.007562395504059213,-7.283258769320872e7
6370.0,12.24729253926278,20.471966612916564,0.007563720721479545,-7.283241415112415e7
6380.0,12.247065106015778,20.47224582173584,0.0075650511191692055,-7.28322406410013e7
6390.0,12.24683363856927,20.472529819629543,0.0075662571802075015,-7.283206716277418e7
6400.0,12.246598229470129,20.472818542608934,0.007567459225010563,-7.283189371630955e7
6410.0,12.246358710464204,20.473112170717478,0.007568622609057397,-7.28317203014779e7
6420.0,12.246115076231332,20.47341067707923,0.00756973413304437,-7.28315469181509e7
6430.0,12.245873916914737,20.473665889470265,0.007395841755629985,-7.28313735773476e7
6440.0,12.24559493266763,20.474155457654504,0.007500926853215634,-7.283120032235321e7
6450.0,12.245255268069283,20.47457227971336,0.007477713399228669,-7.283102715279815e7
6460.0,12.24476819650361,20.475088829633727,0.00748101955295032,-7.283085406803371e7
6470.0,12.244279647316704,20.475607537886628,0.007484427812960303,-7.283068106743132e7
6480.0,12.243795639640167,20.476124464951276,0.00748656989483644,-7.283050815037453e7
6490.0,12.243311607949076,20.47664161959243,0.007488928073080322,-7.283033531625168e7
6500.0,12.24282835890058,20.477158668101584,0.007491216612175818,-7.283016256445725e7
6510.0,12.24231469715216,20.477620363164473,0.007491075526429653,-7.282998989834195e7
6520.0,12.241769331343319,20.478029539082296,0.007493767001367393,-7.282981731782112e7
6530.0,12.24121955048225,20.478439072677126,0.007496267955738644,-7.282964482227424e7
6540.0,12.240670704535317,20.47884889960767,0.007498437794399408,-7.282947241108009e7
6550.0,12.24012269586003,20.479258787625646,0.007500665266325793,-7.282930008362316e7
6560.0,12.239575623529484,20.47966866810329,0.007502841756301705,-7.282912783929448e7
6570.0,12.239029499878194,20.48007856704698,0.007504980706885819,-7.28289556774914e7
6580.0,12.238484346793479,20.480488429128407,0.007507085309276884,-7.282878359761739e7
6590.0,12.237940110368331,20.480898277667134,0.007509153020289099,-7.282861159908211e7
6600.0,12.237396796954986,20.48130815094438,0.007511648754447912,-7.282843968242489e7
6610.0,12.236854364620857,20.481718084031737,0.007515820708127627,-7.282826785129464e7
6620.0,12.236312933599672,20.482128133501245,0.007519810124090257,-7.282809610502924e7
6630.0,12.235772433628707,20.48253832602808,0.007523739399687531,-7.28279244429738e7
6640.0,12.235232852057015,20.482948658131047,0.007527605738090245,-7.282775286448048e7
6650.0,12.234694212629872,20.483359078058104,0.007531408326197224,-7.282758136890823e7
6660.0,12.234156526407066,20.48376961067451,0.007535149690365596,-7.282740995562291e7
6670.0,12.233619619274037,20.484180336962567,0.007539099998649705,-7.28272386240215e7
6680.0,12.233083225472226,20.48459140466821,0.007542619642437165,-7.282706737378496e7
6690.0,12.232548403907842,20.485002215180497,0.007546119410941093,-7.2826896204304e7
6700.0,12.232014520575552,20.48541311669607,0.007549663946900844,-7.28267251149682e7
6710.0,12.231481569339097,20.485824073792926,0.007553105015093334,-7.282655410517341e7
6720.0,12.230949568337637,20.48623510121585,0.007556497787942668,-7.282638317432173e7
6730.0,12.230418521660015,20.486646175651558,0.00755983265813729,-7.282621232182148e7
6740.0,12.229888415180113,20.487057284009527,0.007563109968523487,-7.28260415470869e7
6750.0,12.22935925935701,20.487468454364834,0.007566331902466353,-7.282587084953818e7
6760.0,12.228831064792889,20.487879651325876,0.007569498092796544,-7.28257002286014e7
6770.0,12.228303804954404,20.488290874811927,0.007572609623302944,-7.282552968370841e7
6780.0,12.227777515175614,20.48870211542089,0.007575666946632138,-7.282535921429664e7
6790.0,12.227252176365814,20.489113365083664,0.0075786707199399055,-7.282518881980912e7
6800.0,12.226727782460868,20.489524619530275,0.0075816215404724855,-7.28250184996944e7
6810.0,12.22620434432577,20.48993589107078,0.007584520003181213,-7.282484825340642e7
6820.0,12.225681850008987,20.49034714627293,0.007587366699375876,-7.282467808041225e7
6830.0,12.22516031523803,20.49075840638018,0.007590162196834976,-7.28245079802279e7
6840.0,12.224639738753542,20.491169646378847,0.00759290706408655,-7.28243379523217e7
6850.0,12.224120131548547,20.49158083626179,0.007595601884134539,-7.2824167996167e7
6860.0,12.223601465753324,20.491992011930698,0.0075982472177972965,-7.282399811124231e7
6870.0,12.223083775287481,20.49240314150097,0.007600843622408257,-7.282382829703093e7
6880.0,12.222567025995751,20.492814265312425,0.007603391646892201,-7.282365855302125e7
6890.0,12.222051230564349,20.493225321804882,0.00760589183780281,-7.282348887870623e7
6900.0,12.221536405226214,20.493636326458343,0.007608344729781989,-7.28233192735838e7
6910.0,12.221022535866485,20.49404727979073,0.007610750856483518,-7.282314973715635e7
6920.0,12.220509618080643,20.494458173553205,0.0076132051741014135,-7.282298026918463e7
6930.0,12.219997623551857,20.494869055855492,0.007616465190238474,-7.282281087148497e7
6940.0,12.219486617182282,20.495279923373904,0.007619617863508182,-7.282264154356056e7
6950.0,12.218976548228017,20.495690805956688,0.00762272309009253,-7.28224722849192e7
6960.0,12.218467439698559,20.496101695316828,0.007625779839106621,-7.282230309507287e7
6970.0,12.217959246533015,20.49651255749714,0.0076287876660235485,-7.282213397353792e7
6980.0,12.21745200959032,20.496923427257514,0.007631748031380893,-7.282196491983494e7
6990.0,12.21694562088042,20.497334384001444,0.0076346623421488236,-7.282179593669315e7
7000.0,12.216440110435048,20.49774542730692,0.00763752993294915,-7.282162702533342e7
7010.0,12.215935567515762,20.498156484959743,0.007640349730154089,-7.282145818518525e7
7020.0,12.215431964880274,20.498567573777116,0.007643122327540105,-7.282128941568363e7
7030.0,12.214929287343363,20.49897871164432,0.0076458483216278765,-7.282112071626864e7
7040.0,12.214427559394558,20.499389870905638,0.007648528165429204,-7.282095208638553e7
7050.0,12.213926795678383,20.49980104530096,0.007651162311399808,-7.282078352548453e7
7060.0,12.213426972643056,20.500212228522226,0.007653751213686207,-7.282061503302091e7
7070.0,12.212928106279998,20.500623413871903,0.007656295323189165,-7.282044660845473e7
7080.0,12.212430179359608,20.50103461351484,0.007658795082679465,-7.282027825125095e7
7090.0,12.211933193451776,20.50144580027888,0.007661250929987659,-7.282010996087934e7
7100.0,12.211437159366605,20.5018569942199,0.007663663298018608,-7.28199417368142e7
7110.0,12.210942072569848,20.502268154624776,0.0076660336697854155,-7.281977357853507e7
7120.0,12.210448185420923,20.502679047102298,0.007668339992674439,-7.281960548559558e7
7130.0,12.20995539212104,20.503089827604203,0.00767063933643117,-7.281943745752017e7
7140.0,12.209463562353838,20.503500594353067,0.007672886454384762,-7.281926949380122e7
7150.0,12.20897267066367,20.503911310225604,0.007675088676322661,-7.281910159393528e7
7160.0,12.20848272517196,20.50432197434793,0.007677252856131125,-7.281893375742337e7
7170.0,12.207993724757065,20.504732604695768,0.007679375260058367,-7.28187659837706e7
7180.0,12.207505651796712,20.505143200678756,0.00768145783279658,-7.281859827248639e7
7190.0,12.207018536306174,20.505553700454985,0.007683500539136603,-7.281843062308419e7
7200.0,12.206532346786688,20.505964150421896,0.007685503843331104,-7.281826303508157e7
